Pond,Date,Time_nutrients,TDS_mg.L,Cond_uS.cm,TOC_mg.L,DOC_mg.L,HCO3_mg.L,CO3_mg.L,freeCO2_mg.L,POC_mg.L,NO3NO2_mg.L,NH3-tot_mg.L,NH3-un-ion_mg.L,TN_mg.L,DN_mg.L,PN_mg.L,OH_mg.L,F-diss_mg.L,Alk-tot_mg.L,Alk-p_mg.L,pH,Hard-tot_mg.L,Hard-nonCO3_mg.L,Na-diss_mg.L,Na_perc,Mg-diss_mg.L,SiO2_mg.L,P-diss-ortho_mg.L,P-tot_mg.L,P-diss_mg.L,P-part_mg.L,SO4-diss_mg.L,Cl-diss_mg.L,K-diss_mg.L,Ca-diss_mg.L,PCPN,PCPP,PNPP,Chla_ug.L
1B,29-Apr-93,13:30:00,1254,1660,20.89,19.9,168.2,0,9.69,0.989,L0.01,0.039,0,0.49,0.324,0.161,0,0.07,138,0,7.44,852.2,714.2,35.9,7.8,133,9.8,0.006,0.073,0.039,0.034,801,16.9,52.2,122,7.2,75,10.5,
1B,13-May-93,12:00:00,1476,1905,22.59,22.4,201.1,0,5.92,0.192,L0.01,0.066,0,0.96,0.92,0.039,0,0.09,165,0,7.73,999.3,834.3,40.8,7.6,156,11.37,0.048,0.108,0.084,0.024,947,19.1,59.7,143,5.7,20.6,3.6,2.08
1B,27-May-93,12:20:00,1585,2044,23.51,23.3,206,0,3.4,0.209,L0.01,0.059,0,1.11,1.07,0.038,0,0.1,169,0,7.98,1100.8,931.8,44.7,7.6,177,8.49,0.021,0.12,0.06,0.06,1022,19.7,63.6,149,6.4,9,1.4,1.55
1B,09-Jun-93,12:18:00,1468,2097,25.99,25.6,,,,0.39,L0.01,0.046,,1.24,1.17,0.07,,0.13,277,12,8.58,,,48.7,,189,1.96,L0.002,0.061,0.048,0.013,1011,20.5,70.5,147,6.5,77.4,11.9,2.74
1B,23-Jun-93,14:30:00,1722,2130,26.4,26.1,141.4,0,1.1,0.3,L0.01,0.053,0,1.14,1.09,0.05,0,0.08,116,0,8.3,1188.8,1072.8,52.8,8.2,199,2.19,0.011,0.069,0.057,0.012,1155,21.3,73.9,148,7,64.5,9.2,11.6
1B,08-Jul-93,14:20:00,1570,2020,24.78,23.6,118.2,4.8,0.4,1.18,L0.01,0.062,0.01,1.34,1.1,0.241,0,0.08,105,4,8.68,1061.6,956.6,47.9,8.3,179,0.67,L0.002,0.092,0.043,0.049,1064,17.8,66.8,130,5.7,62.1,10.9,23.7
1B,22-Jul-93,18:00:00,1633,2055,27.61,26.1,149.9,0,1.74,1.51,L0.01,0.05,0,1.42,1.11,0.309,0,0.08,123,0,8.13,1112.1,989.1,51.3,8.5,184,2.11,L0.002,0.067,0.038,0.029,1087,18.9,73.7,142,5.7,134.3,23.6,32.4
1B,04-Aug-93,12:45:00,1655,2160,28,27.1,149.9,0,3.67,0.903,L0.01,0.079,0,1.51,1.32,0.189,0,0.09,123,0,7.81,1164.9,1041.9,66.9,10.4,195,1.4,L0.002,0.068,0.042,0.026,1078,23.2,72.5,145,5.6,89.6,16.1,23.8
1B,18-Aug-93,16:29:00,1723,2153,28.24,28.1,121.9,2.4,0.62,0.139,L0.01,,,1.18,1.15,0.027,0,0.1,104,2,8.5,1173,1069,55.4,8.7,200,0.38,L0.002,0.047,0.041,0.006,1180,17.8,66.7,140,6,59.7,10,1.62
1B,27-Aug-93,14:32:00,1775,2199,26.37,25.9,128,0,4.04,0.465,L0.01,,,0.49,0.412,0.074,0,0.09,105,0,7.7,1190.3,1085.3,60.2,9.3,203,1.13,0.006,0.056,0.044,0.012,1212,19.9,72.6,142,7.3,99.9,13.6,6.02
1B,15-Sep-93,12:00:00,1731,2178,25.22,25,141.4,0,1.98,0.222,L0.01,0.03,0,0.39,0.351,0.037,0,0.09,116,0,8.05,1163.1,1047.1,52.5,8.4,197,0.99,L0.002,0.043,0.036,0.007,1182,19.8,67.8,141,7,81.8,11.7,19.8
1B,14-Oct-93,15:00:00,1920,3194,25.72,25.4,157.3,0,1.74,0.322,L0.01,0.054,0,0.98,0.94,0.039,0,0.09,129,0,8.15,1229.4,1100.4,60.1,9,204,0.36,L0.002,0.041,0.03,0.011,1330,22.5,69.6,156,9.6,75.5,7.8,3.93
20,14-Oct-93,11:20:00,1096,1619,28.86,28.4,587.6,0,7.67,0.461,L0.010,0.057,0,0.96,0.9,0.062,0,0.1,482,0,8.08,827,345,65.4,14.3,164,5.67,0.003,0.085,0.037,0.048,473,16.7,21,60.8,8.7,24.8,2.9,4.74
25,29-Apr-93,10:30:00,813,1178,23.48,22.8,195,0,9.78,0.68,L0.01,0.042,0,0.5,0.406,0.094,0,0.09,160,0,7.5,520.9,360.9,32.1,10.6,83.1,18.66,0.101,0.194,0.173,0.021,445,15.4,51.2,71.6,8.4,83.5,9.9,
25,13-May-93,13:00:00,1001,1367,27.4,27,284,0,11.57,0.399,L0.01,0.067,0,1.04,0.97,0.069,0,0.11,233,0,7.59,651.5,418.5,38.1,10.2,103,24.99,0.336,0.417,0.381,0.036,524,17.7,62.2,91.1,6.7,28.6,4.2,2.68
25,27-May-93,13:45:00,1040,1504,28.16,28,337.7,0,12.54,0.157,L0.01,0.076,0,1.24,1.22,0.021,0,0.11,277,0,7.63,686.8,409.8,42,10.6,110,21.9,0.312,0.39,0.38,0.01,518,19.4,68.7,93.7,8.7,40.5,4.6,2.47
25,10-Jun-93,16:10:00,1223,1672,32.31,32,363.3,0,17,0.314,L0.01,0.073,0,1.34,1.29,0.048,0,0.13,298,0,7.53,792.5,494.5,52.1,11.2,127,19.02,0.321,0.56,0.401,0.159,637,21.5,80,108,7.6,5.1,0.7,2.03
25,25-Jun-93,13:50:00,1282,1700,32.21,30,395,0,4.81,2.21,L0.01,0.045,0,1.34,1.12,0.224,0,0.11,324,0,8.11,848.7,524.7,56,11.3,137,13.56,0.259,0.371,0.341,0.03,663,22.2,81.7,114,11.5,190,16.5,1.49
25,07-Jul-93,17:35:00,1114,1540,26.38,26,298.9,13.08,1.51,0.378,L0.01,0.043,0,1.08,1.03,0.052,0,0.1,267,10.9,8.52,741,474,48.2,11.3,120,9.2,0.161,0.237,0.23,0.007,595,16.3,66.1,98.9,8.5,139.3,16.4,1.82
25,21-Jul-93,13:10:00,1223,1634,28.08,27.8,346.2,0,9.29,0.277,L0.01,0.043,0,1.08,1.03,0.054,0,0.11,284,0,7.77,813.4,529.4,56.7,12.1,126,11.67,0.076,0.155,0.137,0.018,661,12.6,66.1,118,6,39.7,6.6,3.47
25,05-Aug-93,14:40:00,1254,1774,29.67,29.2,351.1,0,4.48,0.471,L0.01,0.058,0,1.3,1.21,0.092,0,0.1,288,0,8.09,823.9,535.9,60,12.5,134,0.24,0.013,0.1,0.078,0.022,692,14.7,71.7,109,6,55.2,9.2,3.28
25,19-Aug-93,15:10:00,1226,1701,29.66,29.5,353.5,0,17.32,0.161,L0.01,,,1.18,1.15,0.028,0,0.11,290,0,7.51,791.9,501.9,59.9,12.9,132,0.8,0.035,0.11,0.102,0.008,672,15,72.1,99.5,6.7,51.9,7.7,3.19
25,27-Aug-93,15:22:00,1289,1796,29.52,29.3,340.1,0,9.79,0.219,L0.01,,,0.5,0.469,0.033,0,0.12,279,0,7.74,822.6,543.6,61.2,12.6,140,0.85,0.015,0.082,0.074,0.008,725,18.2,76.3,98.6,7.7,70.6,9.1,3.3
25,15-Sep-93,12:01:00,1165,2208,6.39,6.17,299.9,0,5.06,0.221,L0.01,0.015,0,0.47,0.437,0.033,0,0.1,246,0,7.97,730.1,484.1,56.8,13.1,127,0.3,0.005,0.06,0.053,0.007,660,17.3,72.9,83,7.8,81.4,10.4,15.79
25,14-Oct-93,13:45:00,1254,1980,27.91,27.4,320.6,0,8.03,0.506,L0.01,0.03,0,1.01,0.98,0.031,0,0.08,263,0,7.8,799.1,536.1,70.8,14.7,142,0.26,0.004,0.052,0.047,0.005,704,20.7,72.4,85.9,19,261,13.7,2.19
37,29-Apr-93,11:10:00,802,1154,45.31,45,377.9,0,19.85,0.308,L0.01,0.066,0,0.54,0.494,0.047,0,0.07,310,0,7.48,585.5,275.5,19.6,6.3,65.8,41.94,1.5,1.74,1.73,0.01,303,18,41.3,126,7.6,79.4,10.4,
37,13-May-93,14:00:00,1330,1720,66.49,65,609.5,0,14.91,1.49,L0.01,0.137,0,2.19,2.02,0.167,0,0.09,500,0,7.81,923,423,37,7.5,112,28.04,2.854,3.154,3.041,0.113,575,32.5,60.6,185,10.4,34,3.3,7.99
37,27-May-93,14:30:00,481,815,121.55,115.5,434,0,64.38,6.05,0.015,1.02,0,5.27,4.43,0.839,0,0.14,356,0,7.03,330.8,0,3.29,1.6,34.2,28.03,0.648,1.238,1.035,0.203,19.4,22.7,83.8,76.1,8.4,76.9,9.1,58.83
50,29-Apr-93,12:00:00,1245,1688,30.95,30.5,230.4,0,17.51,0.453,L0.01,0.071,0,0.42,0.359,0.062,0,0.11,189,0,7.32,696.6,507.6,96.2,21.3,94.6,21.98,0.003,0.163,0.072,0.091,687,47.5,61.5,123,8.5,12.8,1.5,
50,13-May-93,14:45:00,2144,2830,42.63,41.6,387.6,0,23.38,1.03,L0.01,0.13,0,1.61,1.41,0.202,0,0.1,318,0,7.42,1271,953,165,20.5,205,30.56,0.164,0.365,0.316,0.049,1220,66.9,94,171,5.9,54.2,9.1,1.96
50,27-May-93,15:40:00,2688,3480,56.53,55,564.4,0,32.51,1.53,L0.01,0.153,0,2.25,2.05,0.199,0,0.14,463,0,7.44,1563.3,1100.3,222,22,276,29.91,0.3,0.527,0.506,0.021,1503,88.1,120,171,9,187.9,21,1.62
50,10-Jun-93,17:25:00,3999,4738,59.57,58.4,721.6,0,42.54,1.17,L0.01,0.134,0,2.39,2.2,0.193,0,0.12,592,0,7.43,2271.1,1679.1,347,23.3,400,9.55,0.129,0.339,0.303,0.036,2346,122,169,250,7.1,83.8,11.9,2.75
50,23-Jun-93,14:10:00,4841,5270,60.35,59.6,709.5,0,37.26,0.749,L0.01,0.106,0,1.85,1.73,0.118,0,0.09,582,0,7.48,2732.4,2150.4,413,23.3,506,4.63,0.097,0.269,0.235,0.034,3008,121,179,260,7.4,56.8,7.7,7.97
50,08-Jul-93,17:15:00,2760,3350,41.09,39.4,348.6,0,20.55,1.69,L0.01,0.056,0,1.55,1.3,0.251,0,0.07,286,0,7.43,1612.2,1326.2,222,21.9,300,8.32,L0.002,0.096,0.066,0.03,1763,58.2,86,151,7.9,145.3,18.5,13.49
50,21-Jul-93,13:45:00,3500,4122,44.91,44.2,448.6,0,41.96,0.713,L0.01,0.063,0,1.51,1.35,0.157,0,0.09,368,0,7.23,2065.4,1697.4,282,21.8,384,12.4,0.008,0.116,0.076,0.04,2233,70.4,104,194,5.3,46,8.7,27.3
50,04-Aug-93,15:00:00,4198,4743,47.57,46.8,579,0,39.21,0.772,L0.01,0.113,0,1.81,1.67,0.141,0,0.09,475,0,7.37,2432.3,1957.3,343,22.3,461,21.09,0.054,0.181,0.153,0.028,2661,86.4,127,214,6.4,71.1,11.1,12.6
50,14-Aug-93,15:42:00,3658,4318,44.12,43.6,533.9,0,45.54,0.52,L0.01,,,1.45,1.36,0.094,0,0.1,438,0,7.27,2110.4,1672.4,315,23.3,401,14.25,0.317,0.436,0.419,0.017,2262,85.9,119,184,6.5,78.9,12.2,5.56
50,27-Aug-93,15:52:00,3904,4598,44.2,43.2,558.3,0,29.32,0.998,L0.01,,,0.59,0.428,0.159,0,0.11,458,0,7.48,2189.5,1731.5,338,23.8,419,14.09,0.344,0.503,0.49,0.013,2428,98.8,131,186,7.3,198,27,13.9
50,15-Sep-93,12:02:00,3275,6202,44.88,44,476.6,0,44.58,0.883,L0.01,0.059,0,0.56,0.434,0.122,0,0.08,391,0,7.23,1822,1431,293,24.4,354,7.13,0.667,0.867,0.807,0.06,2018,102.6,120,146,8.4,38,4.5,10.08
50,14-Oct-93,14:30:00,4829,7410,50.86,50.2,647.3,0,45.9,0.657,L0.01,0.173,0,1.35,1.25,0.104,0,0.1,531,0,7.35,2710.5,2179.5,427,24.2,531,18,0.822,0.977,0.964,0.013,3030,131,163,210,7.4,130.3,17.7,8
60,29-Apr-93,12:15:00,206,322,37.34,34.5,174.3,0,27.08,2.84,L0.01,0.038,0,1.06,0.499,0.562,0,0.04,143,0,7.01,119.1,0,6.14,7.7,10.6,30.45,0.16,0.32,0.289,0.031,6.8,5.2,31.3,30.2,5.9,236.3,40.1,
60,13-May-93,15:15:00,247,405,45.73,36.2,202.4,0,17.26,9.53,L0.01,0.045,0,2.63,1.41,1.22,0,0.02,166,0,7.27,154.5,0,0.86,0.9,14.6,45.82,0.71,1.064,0.88,0.184,1.8,6.8,39.3,37.8,9.1,133.6,14.7,9.08
60,27-May-93,16:20:00,260,438,52.32,43.8,210.9,0,43.2,8.52,L0.01,0.213,0,3.56,2.48,1.08,0,0.08,173,0,6.89,155.8,0,2.22,2.2,15.1,35.52,1.28,1.857,1.492,0.365,11,9.1,45.5,37.5,9.2,60.2,6.5,59.29
60,08-Jul-93,18:05:00,114,222,37.22,30.6,103.1,0,48.43,6.62,L0.01,0.087,0,2.85,1.59,1.26,0,0.04,84.6,0,6.53,75.6,0,L.4,0.8,7.15,1.73,0.647,1.544,0.87,0.674,9.3,4.42,21.2,18.5,6.1,25.3,4.1,274.2
65,29-Apr-93,11:45:00,1989,2581,22.2,21.8,396.2,4.2,10.62,0.397,L0.01,0.035,0,0.35,0.292,0.062,0,0.04,332,0,7.78,1165.9,833.9,192,25.7,226,5.05,L0.002,0.136,0.035,0.101,1203,36.4,33.5,94.3,7.5,10.1,1.4,
65,13-May-93,14:15:00,2431,3172,27.08,26.9,530.3,0,10.78,0.184,L0.01,0.086,0,0.93,0.9,0.029,0,0.06,435,0,7.89,1443.2,1008.2,230,25.1,282,5.75,0.024,0.068,0.055,0.013,1455,44,40.2,113,7.4,36.5,4.9,7.96
65,27-May-93,13:10:00,2679,3416,28.08,27.9,599.7,0,13.38,0.176,L0.01,0.07,0,1.14,1.1,0.036,0,0.07,492,0,7.85,1628.1,1136.1,254,24.7,316,0.87,0.014,0.094,0.052,0.042,1590,48.3,43.4,131,5.7,10.8,1.9,1.13
65,09-Jun-93,13:54:00,3003,4081,32.49,32.2,635.1,0,17.45,0.29,L0.01,0.063,0,1.17,1.13,0.035,0,0.09,521,0,7.76,1775.7,1254.7,298,26.1,347,1.6,0.01,0.074,0.065,0.009,1803,52.3,49.1,139,9.7,83.1,8.6,1.68
65,23-Jun-93,13:45:00,3075,3710,35.83,35.3,611.9,0,13.03,0.532,L0.01,0.053,0,1.17,1.1,0.067,0,SusInt,502,0,7.87,1809.4,1307.4,304,26.1,357,7.85,0.01,0.07,0.062,0.008,1865,52.1,52.1,136,9.3,171.5,18.5,4.22
65,08-Jul-93,15:40:00,2575,3250,28.32,28,532.7,0,7.46,0.317,L0.01,0.053,0,1.07,1.01,0.058,0,0.05,437,0,8.05,1548,1111,249,25.3,302,8.9,0.006,0.064,0.052,0.012,1544,44.6,42.3,122,6.4,68.1,10.7,2.04
65,22-Jul-93,15:40:00,2670,3353,31.22,31,541.2,0,11.52,0.22,L0.01,0.04,0,1.06,1.03,0.032,0,0.06,444,0,7.87,1586,1142,260,25.6,307,9.49,L0.002,0.055,0.046,0.009,1609,44.7,44.6,129,8,63,7.9,3.38
65,04-Aug-93,13:45:00,3054,3608,33.42,33,574.9,10.44,8.75,0.418,L0.01,0.055,0,1.39,1.31,0.075,0,0.05,489,0,8.03,1807.6,1318.6,306,26.3,359,7.74,L0.002,0.055,0.046,0.009,1860,47,48.7,132,6.5,119.8,18.4,2.08
65,18-Aug-93,13:42:00,2850,3553,33.23,33,604.6,0,0.76,0.226,L0.01,,,1.22,1.18,0.043,0,0.09,496,0,7.81,1680.6,1184.6,289,26.6,333,2.38,0.008,0.067,0.055,0.012,1713,46.8,44.7,124,6.1,48.6,7.9,1.72
65,27-Aug-93,16:35:00,2969,6072,33.32,33.1,608.3,0,13.88,0.219,L0.01,,,0.47,0.441,0.029,0,0.07,499,0,7.84,1781.3,1282.3,287,25.3,352,1.94,0.011,0.079,0.058,0.021,1796,48.8,48.4,133,8.8,26.9,3.1,2.89
65,15-Sep-93,12:03:00,2879,5486,30.25,30,593.7,0,12.35,0.252,L0.01,0.068,0,0.43,0.4,0.032,0,0.06,487,0,7.88,1675.6,1188.6,282,26.2,333,0.97,0.003,0.043,0.037,0.006,1756,47.7,45.1,122,9.2,108.3,11.8,2.76
65,14-Oct-93,12:30:00,3157,5250,34.07,33.2,635.1,0,9.99,0.873,L0.010,0.074,0,1.06,0.92,0.144,0,0.06,521,0,8,1884.3,1363.3,318,26.3,374,0.73,L0.002,0.042,0.029,0.013,1890,77.7,45.4,138,7.1,173.2,24.5,25
66,29-Apr-93,11:50:00,32417,26824,73.68,72,235.3,4.2,1.86,1.68,L0.01,0.145,0,0.55,0.282,0.265,0,SusInt,200,3.5,8.31,15173.6,14973.6,4420,38.4,3500,0.13,0.011,0.178,0.167,0.011,22926,917,228,306,7.4,393.9,53.3,
66,13-May-93,14:30:00,47920,35715,131.9,113.5,593.9,62.28,3.18,18.4,L0.01,0.285,0.01,6.11,3.3,2.81,0,L.01,591,51.9,8.54,22629.3,22038.3,6480,37.9,5240,1.54,0.044,0.597,0.208,0.389,33782,1264,374,423,7.6,122,16,2.02
66,27-May-93,17:00:00,69415,47126,171,157,807,0,11.84,14,L0.01,0.33,0,8.4,6.05,2.35,0,SusInt,662,0,8.03,33534.6,32872.6,9150,36.8,7830,1.85,0.029,0.443,0.328,0.115,49097,1943,476,520,6.9,313.9,45.2,54.05
66,09-Jun-93,13:39:00,34812,26779,323.5,307,,,,16.5,0.014,0.5,,4.17,1.28,2.89,,0.03,732,245,8.73,,,16600,,14100,1.22,0.022,0.756,0.438,0.318,82960,3284,1020,705,6.7,133.8,20.1,91.3
66,23-Jun-93,12:30:00,68035,45100,159.72,153,374,78.72,2.04,6.72,0.01,0.64,0.02,5.99,5.15,0.839,0,SusInt,438,65.6,8.6,33168.7,32730.7,8960,36.6,7840,0.25,0.118,0.56,0.441,0.119,48420,1678,517,357,9.3,145.6,15.6,15.2
66,08-Jul-93,15:30:00,27352,23000,115.65,114.5,688.5,62.52,2.22,1.15,L0.01,0.145,0.01,3.73,3.5,0.226,0,SusInt,669,52.1,8.74,13302.1,12633.1,3660,37,3100,2.2,0.015,0.199,0.134,0.065,19015,740,218,216,5.9,45.6,7.7,1.99
66,22-Jul-93,16:06:00,27392,23004,62.5,62,141.4,75.6,0.3,0.498,L0.01,0.09,0.02,3.71,3.65,0.055,0,SusInt,242,63,9.13,13151.1,12909.1,3620,37,3050,1.7,L0.002,0.114,0.096,0.018,19413,705,219,238,10.6,71.3,6.8,2.02
66,04-Aug-93,13:37:00,40415,30824,98.12,96.5,0,171.6,0.39,1.62,L0.01,0.235,0.05,5.9,5.6,0.295,9.18,SusInt,313,170,9.13,19039.6,18726.6,5460,37.9,4510,1.11,0.007,0.22,0.167,0.053,28554,1190,323,189,6.4,78.8,12.3,5.12
66,18-Aug-93,13:25:00,37332,28717,87.45,86.5,0,124.8,0.37,0.945,L0.01,,,1.81,1.63,0.18,12.58,SusInt,245,141,9.06,17566.2,17321.2,4920,37.4,4160,0.96,0.01,0.214,0.144,0.07,25930,982,306,176,6.1,34.8,5.7,2.11
66,27-Aug-93,16:48:00,94758,72891,104.2,103,76.8,211.2,0.49,1.19,L0.01,,,0.86,0.615,0.245,0,SusInt,415,176,9.15,21894.3,21479.3,6000,36.9,5110,0.57,0.015,0.206,0.171,0.035,31621,1310,369,,5.7,87.7,15.5,2.2
66,15-Sep-93,12:04:00,84916,64320,92.31,90,585.6,21.96,2.78,2.31,L0.01,0.522,0.02,0.97,0.567,0.4,0,SusInt,517,18.3,8.54,17099.5,16582.5,4470,35.8,4080,2.93,0.015,0.2,0.097,0.103,24555,988,280,121,6.7,57.8,8.6,12.87
66,14-Oct-93,12:00:00,85475,65750,107.06,104.5,501,0,3.91,2.56,L0.010,0.38,0.02,3.26,2.83,0.432,0,SusInt,411,0,8.3,21593.2,21182.2,5890,36.8,5180,1.99,0.018,0.217,0.139,0.078,31700,1230,360,107,6.9,84.6,12.2,12.6
67,29-Apr-93,11:00:00,2389,3019,31.76,31.5,309.6,0,11.5,0.255,L0.01,0.048,0,0.36,0.315,0.04,0,0.03,254,0,7.63,1445,1191,208,23.2,277,5.57,L0.002,0.059,0.045,0.014,1536,44.5,42.9,122,7.4,47,6.3,
67,13-May-93,13:30:00,4212,4756,41.01,40.8,526.6,0,11.74,0.212,L0.01,0.092,0,1.36,1.32,0.041,0,0.04,432,0,7.85,2521.9,2089.9,361,23.2,504,0.92,0.003,0.066,0.055,0.011,2772,69.3,66.5,179,6,49.7,8.2,6.75
67,27-May-93,18:00:00,5415,5970,59.92,59.6,700.9,0,16.37,0.32,L0.01,0.108,0,1.91,1.85,0.061,0,SusInt,575,0,7.83,3207.2,2632.2,499,24.7,648,1.27,0.015,0.096,0.079,0.017,3524,97.3,85.1,216,6.1,48.5,7.9,2.31
67,09-Jun-93,12:45:00,,7142,62.44,62,,,,0.436,L0.01,0.125,,2.27,2.2,0.069,,0.08,655,12.2,8.59,,,606,,817,1.05,0.017,0.126,0.112,0.014,4451,115,102,248,7.4,80.3,10.9,3.87
67,23-Jun-93,13:15:00,7320,7480,77.04,76.4,785,0,15.59,0.637,L0.01,0.137,0,2.08,1.98,0.103,0,SusInt,644,0,7.9,4318.8,3674.8,678,24.9,898,2.18,0.013,0.122,0.095,0.027,4872,125,110,249,7.2,60.8,8.4,5.9
67,08-Jul-93,14:55:00,4551,5090,53.79,53.5,461.8,29.52,2.66,0.29,L0.01,0.078,0.01,1.75,1.7,0.054,0,0.04,428,24.6,8.48,2681.2,2253.2,417,24.7,553,2.45,L0.002,0.068,0.056,0.012,3022,70.2,67.6,162,6.3,62.3,10,1.95
67,22-Jul-93,16:40:00,4939,5430,50.68,50.4,599.7,0,8.8,0.282,L0.01,0.084,0,1.67,1.62,0.049,0,0.03,492,0,8.03,2965.6,2473.6,446,24.1,596,1.79,L0.002,0.06,0.048,0.012,3253,74.1,68,205,6.7,60.6,9,4.3
67,04-Aug-93,13:14:00,5868,6427,61,60,737.5,0,19.8,0.998,L0.01,0.112,0,2.29,2.13,0.155,0,0.04,605,0,7.84,3507.1,2902.1,532,24.3,716,2.13,0.004,0.087,0.064,0.023,3863,85.8,81.8,224,7.5,111.9,14.9,5.57
67,18-Aug-93,13:05:00,5667,6115,62.21,60.4,755.8,0,18.07,1.81,L0.01,,,2.34,2.07,0.269,0,0.07,620,0,7.82,3407.3,2787.3,510,24,696,2.18,0.007,0.123,0.07,0.053,3711,81.3,77.5,217,7.8,88.1,11.2,7.82
67,27-Aug-93,17:15:00,6298,12482,67.14,65.2,811.9,0,15.04,1.94,L0.01,,,0.87,0.605,0.269,0,0.05,666,0,7.93,3732.9,3066.9,566,24.3,766,2.98,0.014,0.115,0.078,0.037,4154,88.3,86.2,232,8.4,135.2,16.1,2.75
67,15-Sep-93,12:05:00,1485,1514,26.82,26.3,499.8,0,7.51,0.522,L0.01,0.04,0,0.51,0.446,0.064,0,0.07,410,0,8.02,731.3,321.3,52.7,13,145,8.61,0.002,0.101,0.038,0.063,917,????g33,28.6,53.8,9.5,21.4,2.2,
67,14-Oct-93,11:00:00,6463,12150,68.57,68.2,863.1,0,14.23,0.368,L0.01,0.048,0,1.62,1.56,0.059,0,0.01,708,0,7.98,3861.2,3153.2,604,25,876,1.21,0.004,0.051,0.044,0.007,4273,112,69.6,102,7.3,135.6,18.6,4.26
86,29-Apr-93,12:50:00,150,255,15.21,14.9,130.4,0,11.38,0.31,L0.01,0.02,0,0.34,0.289,0.046,0,0.05,107,0,7.26,105.3,0,2.71,4.5,9.51,14.88,0.149,0.221,0.216,0.005,11.6,3.5,16.5,26.5,7.9,159.9,20.3,
86,13-May-93,15:45:00,181,336,17.99,17.1,169.4,0,7.4,0.89,L0.01,0.034,0,0.82,0.63,0.193,0,0.07,139,0,7.56,142.5,3.5,1.18,1.5,14.9,18.39,0.234,0.356,0.317,0.039,8.7,4.1,18.6,32.5,5.4,58.8,10.9,4.63
86,27-May-93,12:50:00,191,327,19.34,18.8,191.4,0,24.72,0.541,L0.01,0.042,0,0.87,0.79,0.078,0,0.08,157,0,7.09,139.1,0,1.89,2.4,13.9,16.95,0.26,0.393,0.347,0.046,7.7,3.5,19.7,32.8,8.1,30.3,3.7,8.71
86,09-Jun-93,15:32:00,189,361,25.89,24,192.6,0,46.36,1.89,L0.01,0.045,0,1.26,0.97,0.293,0,0.09,158,0,6.82,144.3,0,1.66,2,16,13.45,0.432,0.773,0.581,0.192,5.2,4.08,22.6,31.4,7.5,25.4,3.4,9.7
86,23-Jun-93,12:03:00,190,333,25.83,25.1,187.7,0,18.39,0.731,L0.01,0.118,0,1.22,1.1,0.115,0,0.09,154,0,7.21,141.3,0,1.27,1.6,15.7,11.75,1,1.34,1.22,0.12,9.1,4.67,24.4,30.7,7.4,15.7,2.1,4.26
86,08-Jul-93,16:30:00,179,314,18.19,17.1,182.9,0,28.4,1.09,L0.01,0.026,0,0.93,0.75,0.175,0,0.06,150,0,7.01,137.2,0,2.19,2.9,14.4,9.93,0.497,0.844,0.651,0.193,8.4,3.18,19.1,31.2,7.3,14.6,2,10.8
86,22-Jul-93,15:05:00,182,346,20.22,17.6,190.2,0,30.94,2.62,L0.01,0.024,0,1.15,0.71,0.441,0,0.07,156,0,6.99,145.2,0,1.31,1.7,15.2,10.52,0.417,0.838,0.517,0.321,6.6,2,19,33.1,6.9,21,3,53.4
86,04-Aug-93,16:00:00,223,426,18.68,18,220.6,0,25.99,0.683,L0.01,0.041,0,0.96,0.84,0.118,0,0.07,181,0,7.13,178,0,14.2,13.1,18.8,11.44,0.446,0.704,0.589,0.115,4.5,3.4,21.8,40.3,6.8,15.3,2.3,9.56
86,18-Aug-93,17:38:00,222,370,24.88,17.1,218.2,0,6.43,7.78,L0.01,,,1.92,0.7,1.22,0,0.08,179,0,7.73,161.9,,4.48,4.9,15.5,12.39,0.319,1.2,0.386,0.814,4.9,3.4,22.1,39.3,7.4,24.6,3.3,268
86,27-Aug-93,13:23:00,230,478,19.03,15.1,238.9,0,35.44,3.93,L0.01,,,1.19,0.459,0.732,0,0.1,196,0,7.03,186.2,,1.84,1.8,17.2,14,0.228,0.557,0.306,0.251,5.2,4.88,22.8,46.2,6.3,40.4,6.4,83.5
86,15-Sep-93,12:06:00,207,380,17.24,13.1,217,0,35.3,4.14,L0.01,0.008,0,1.22,0.375,0.845,0,0.07,178,0,6.99,168.5,,1.98,2.2,14.6,11.9,0.07,0.424,0.196,0.228,4.9,4.27,19.5,43.4,5.7,46.8,8.2,215.5
86,14-Oct-93,15:30:00,286,521,17.91,13.8,316.9,0,36.48,4.11,L0.01,0.274,0,1.22,0.55,0.669,0,0.1,260,0,7.14,244,,2.07,1.6,20.5,13.6,0.068,0.342,0.107,0.235,6.5,3.55,19.9,63.9,7.2,45.1,6.3,108.5
87,29-Apr-93,13:00:00,140,252,18.83,18.5,139,0,17.54,0.334,L0.01,0.024,0,0.36,0.321,0.04,0,0.05,114,0,7.1,98.4,0,1.68,2.9,9.16,5.81,0.338,0.443,0.422,0.021,5,4.7,20.4,24.3,9.7,41,4.2,
87,13-May-93,16:00:00,181,333,42.8,25.4,167,0,21.08,17.4,L0.01,0.053,0,2.64,0.81,1.83,0,0.07,137,0,7.1,139.2,2.2,0.72,0.9,13,13.97,0.725,1.017,0.797,0.22,5.7,5.8,25.4,34.3,11.1,204,18.4,31.02
87,27-May-93,12:35:00,224,435,59.8,34.1,206,0,56.94,25.7,L0.01,0.178,0,5.05,1.94,3.11,0,0.08,169,0,6.76,152.1,0,4.16,4.5,13.9,13.84,1.422,2.11,1.627,0.483,12.5,8.5,31.8,38,9.6,137.2,14.2,45.05
90,29-Apr-93,13:15:00,5242,5908,42.7,42.2,362,0,15.09,0.504,L0.01,0.063,0,0.34,0.259,0.083,0,0.06,297,0,7.58,2911.5,2614.5,522,27.1,615,2.94,L0.002,0.053,0.044,0.009,3520,140,112,152,7.1,144.4,20.4,
90,13-May-93,15:30:00,9348,9297,78.2,76,594.9,0,35.89,2.2,L0.01,0.239,0,2.09,1.82,0.273,0,0.08,488,0,7.42,5409.9,4921.9,851,24.7,1180,6.89,0.02,0.203,0.127,0.076,6410,208,178,221,9.4,74.6,7.9,4.26
90,27-May-93,11:40:00,11908,11670,71.45,70.6,811.9,0,31.57,0.848,L0.01,0.625,0,2.23,2.08,0.15,0,0.04,666,0,7.61,6662.5,5996.5,1170,26.8,1460,7.25,0.043,0.171,0.133,0.038,8082,286,242,261,6.6,57.5,8.7,5.68
90,10-Jun-93,14:46:00,16080,14645,116.2,114,969.6,33.96,3.79,2.2,0.011,0.222,0.01,2.39,2.05,0.344,0,L.01,852,28.3,8.62,8888.3,8036.3,1640,27.7,1980,2.57,0.01,0.257,0.127,0.13,10935,382,334,295,7.5,43.6,5.9,98.4
90,23-Jun-93,11:45:00,18535,15840,102.71,100,842.3,0,36.77,2.71,L0.01,0.362,0,3.45,2.98,0.467,0,SusInt,691,0,7.56,10258.1,9567.1,1730,26.1,2320,1.06,0.026,0.194,0.097,0.097,13100,354,332,283,6.8,72,10.6,21.1
90,08-Jul-93,16:15:00,3859,4540,34.89,30.9,307.2,0,16.13,3.99,L0.01,0.061,0,1.69,1.13,0.558,0,0.05,252,0,7.48,2233.5,1981.5,383,26.3,477,10.45,0.006,0.116,0.043,0.073,2569,83.1,78.1,108,8.3,141,16.9,12
90,21-Jul-93,14:40:00,5229,5911,45.97,44.4,460.8,0,35.02,1.57,L0.01,0.049,0,1.53,1.29,0.235,0,0.06,378,0,7.32,2902.1,2524.1,525,27.3,620,3.71,0.002,0.079,0.039,0.04,3468,132,113,140,7.8,101.2,13,14.26
90,04-Aug-93,15:30:00,8102,8369,56.76,56.2,707,0,21.81,0.556,L0.01,0.126,0,1.95,1.85,0.099,0,0.06,580,0,7.71,4558,3978,807,26.9,984,0.49,0.004,0.067,0.043,0.024,5405,188,167,203,6.5,59.7,9.1,7.26
90,14-Aug-93,17:08:00,7621,7789,55.73,54.4,635.1,0,55.43,1.33,L0.01,,,1.67,1.5,0.174,0,0.06,521,0,7.26,4173.5,3652.5,778,27.8,910,1.11,L0.002,0.075,0.047,0.028,5085,183,179,171,8.9,122.5,13.7,4.89
90,27-Aug-93,12:53:00,8892,17785,68.31,65.2,760.7,0,26.35,3.11,L0.01,,,1.06,0.51,0.551,0,0.07,624,0,7.66,4809.8,4185.8,922,28.4,1050,1.75,0.041,0.155,0.099,0.056,5932,222,193,195,6.6,143.2,21.8,66.7
90,15-Sep-93,12:07:00,4664,8898,49.59,48.6,370.6,0,24.52,0.991,L0.01,0.039,0,0.99,0.394,0.197,0,0.03,304,0,7.38,2543.8,2239.8,462,27.2,556,3.35,L0.002,0.101,0.058,0.043,3070,171,117,102,5.9,59.4,10.1,19.11
90,14-Oct-93,16:00:00,10830,19205,74,72.4,1053.2,0,62.09,1.6,L0.01,0.085,0,2.9,1.3,0.296,0,0.05,864,0,7.43,5978.5,5114.5,1110,27.8,1400,4.32,L0.002,0.181,0.053,0.128,7225,257,229,63.9,6.3,32.2,5.1,5.9
4857,29-Apr-93,10:00:00,253,461,14.61,14.3,204.8,0,9.36,0.306,L0.01,0.016,0,0.39,0.346,0.041,0,0.09,168,0,7.54,199.2,31.2,8.22,7.4,26.8,4.26,0.056,0.108,0.099,0.009,49.2,7.7,20.5,35.6,8.7,87.7,10.1,
4857,13-May-93,12:45:00,321,550,16.69,16.5,248.7,0,6.37,0.188,L0.01,0.025,0,0.69,0.66,0.032,0,0.1,204,0,7.79,242.8,38.8,8.81,6.6,33.5,2.82,0.134,0.195,0.185,0.01,78.3,8.7,23.9,42,6.9,48.5,7.1,2.66
4857,27-May-93,11:35:00,349,605,17.07,16.8,293.8,0,8.45,0.27,L0.01,0.027,0,0.86,0.8,0.055,0,0.11,241,0,7.74,273.8,32.8,9.7,6.4,37.7,1.78,0.142,0.189,0.183,0.006,72.8,9.1,25.8,47.5,5.7,116,20.3,2.02
4857,09-Jun-93,11:55:00,,653,19.18,18.8,,,,0.384,L0.01,0.03,,0.92,0.86,0.063,,0.19,279,0,7.52,,,10.9,,41.8,1.86,0.181,0.27,0.248,0.022,61.6,10.3,29,50.9,7.1,45,6.3,6.32
4857,23-Jun-93,11:15:00,394,676,19.14,18.8,349.9,0,6.04,0.338,L0.01,0.032,0,0.93,0.88,0.047,0,0.13,287,0,7.96,315.2,28.2,11.9,6.8,45.2,1.69,0.213,0.276,0.267,0.009,70.2,10.4,30.5,51.7,8.4,96.8,11.5,3.94
4857,08-Jul-93,13:50:00,405,673,18.24,17.8,316.9,0,3.28,0.438,L0.01,0.035,0,0.87,0.8,0.065,0,0.11,260,0,8.18,315.3,55.3,12.2,7.1,45.1,1.57,0.194,0.266,0.248,0.018,101,10.2,26.5,51.9,7.9,62.8,8,2.37
4857,22-Jul-93,17:15:00,451,750,20.42,20.1,348.6,0,5.12,0.322,L0.01,0.025,0,0.85,0.81,0.037,0,0.1,286,0,8.03,350.7,64.7,14.2,7.4,50.8,0.99,0.172,0.238,0.229,0.009,118,9.9,29,56.7,10.1,92.3,9.1,1.61
4857,04-Aug-93,12:25:00,493,773,21.12,21,373,0,3.43,0.119,L0.01,0.04,0,0.96,0.94,0.021,0,0.12,306,0,8.23,366.2,60.2,15.3,7.6,53.7,1.2,0.155,0.217,0.208,0.009,139,11.3,31.1,58.1,6.6,34.1,5.2,1.73
4857,18-Aug-93,12:28:00,497,787,22.9,22.5,380.3,0,6.88,0.401,L0.01,,,1.04,0.98,0.056,0,0.14,312,0,7.94,368.1,56.1,16.6,8.1,54.9,3.28,0.187,0.247,0.231,0.016,134,11.8,32.6,56.9,8.4,64.6,7.7,1.42
4857,27-Aug-93,17:42:00,505,836,23.24,23,390.1,0,7.93,0.24,L0.01,,,0.5,0.465,0.036,0,0.1,320,0,7.89,384.8,64.8,17.5,8.1,58.1,6.98,0.171,0.238,0.229,0.009,116,13.9,35.3,58.3,7.8,68.8,8.8,4.39
4857,15-Sep-93,12:08:00,504,843,22,21.6,381.5,0,7.94,0.4,L0.01,0.048,0,0.51,0.445,0.063,0,0.1,313,0,7.88,383.3,70.3,17.7,8.3,57.8,6.74,0.139,0.217,0.194,0.023,128,13.6,34.3,58.2,7.4,44.8,6.1,4.19
4857,14-Oct-93,10:45:00,558,935,23.17,22.8,415.7,0,9.06,0.368,L0.010,0.105,0,1.04,0.83,0.209,0,0.12,341,0,7.86,435.8,94.8,19.6,8.1,66.3,1.88,0.08,0.134,0.122,0.012,146,18.9,35.3,65.2,2.1,79.1,38.5,5.49
Gursky's,29-Apr-93,13:00:00,439,771,28.29,24.3,410.8,0,11.29,3.99,L0.01,0.048,0,1.36,0.69,0.67,0,0.18,337,0,7.76,337.4,0.4,11.7,6.1,55.7,15.03,0.147,0.235,0.231,0.004,57.3,11.1,42.7,43.3,6.9,2572.4,370.4,
Gursky's,13-May-93,10:30:00,476,798,25.88,24.6,432.7,0,7.83,1.28,0.023,0.112,0,1.55,1.37,0.181,0,0.19,355,0,7.94,362.5,7.5,13.1,6.4,59.9,19.17,0.227,0.32,0.286,0.034,68,11.5,45.3,46.4,8.2,97.1,11.8,23.61
Gursky's,27-May-93,11:15:00,813,812,25.83,25.4,,,,0.433,0.022,0.097,,1.38,1.31,0.07,,0.12,371,2.9,8.33,,,12.9,,61.3,17.43,0.238,0.327,0.314,0.013,58.5,11.9,47.6,47.5,7.2,85.9,11.9,17.53
Gursky's,09-Jun-93,10:55:00,508,836,27.71,24.2,474.2,0,6.96,3.51,0.01,0.072,0,2.08,1.32,0.757,0,0.2,389,0,8.03,393.8,4.8,13.5,6,64.3,15.13,0.275,0.437,0.352,0.085,68.5,12,49.9,51.7,5.4,106.5,19.7,4.79
Gursky's,25-Jun-93,18:30:00,458,819,29.97,25.4,452.2,0,11.33,4.57,L0.01,0.039,0,2,1.2,0.799,0,0.18,371,0,7.8,369.6,0,12.1,5.8,60.9,1.2,0.148,0.339,0.223,0.116,59.4,8.4,46.4,47.6,6.7,101.6,15.2,51.1
Gursky's,08-Jul-93,12:30:00,483,818,32.6,25.9,448.6,0,14.5,6.7,L0.01,0.034,0,2.15,1.18,0.971,0,0.19,368,0,7.69,373.7,5.7,13,6.1,61.1,11.01,0.233,0.644,0.309,0.335,70,11,47.3,48.9,8,51.6,6.4,120.4
Gursky's,21-Jul-93,11:56:00,464,820,27.62,25.2,436.4,0,8.87,2.42,L0.01,0.358,0.01,1.88,1.43,0.449,0,0.19,358,0,7.89,353.9,0,13.3,6.5,60.8,14.83,0.376,0.556,0.476,0.08,58.1,11.6,48.7,41.5,6.3,78,12.4,160.6
Gursky's,04-Aug-93,18:03:00,497,789,32.27,26.8,454.7,0,8.23,5.47,L0.01,,,2.35,1.39,0.962,0,0.2,373,0,7.94,363.1,,13.8,6.6,61.7,14.22,0.294,0.591,0.374,0.217,63.9,11.5,49.7,43.7,6.6,65,9.8,54
Gursky's,19-Aug-93,12:10:00,488,817,31.44,26.3,457.1,0,19.05,5.14,L0.01,,,1.59,0.672,0.913,0,0.19,375,0,7.58,363.1,,13.8,6.6,62.6,11.07,0.335,0.572,0.417,0.155,58,12.4,51.2,42.2,6.6,85.5,13,197
Gursky's,27-Aug-93,12:09:00,474,816,32.62,25.2,444.9,0,16.52,7.42,L0.01,0.009,0,1.71,0.578,1.13,0,0.17,365,0,7.63,360.7,,14.1,6.8,61.3,9.46,0.186,0.498,0.3,0.198,65.6,12.1,49,43.4,7.7,96.6,12.6,140
Gursky's,15-Sep-93,17:00:00,495,891,31.57,26.4,457.1,0,26.95,5.17,L0.01,0.055,0,1.81,1.01,0.803,0,0.17,375,0,7.43,382,7,14,6.4,65.8,10.5,0.129,0.348,0.203,0.145,67.5,17.1,50.5,44.5,7.5,91.9,12.2,30.58
Gursky's,14-Oct-93,11:30:00,457,772,27.51,24.2,416.9,0,6.56,3.31,L0.01,0.046,0,1.6,1.09,0.505,0,0.19,342,0,8,351.3,9.3,12.2,6.1,58.1,16.18,0.153,0.326,0.224,0.102,64.8,11.3,44.3,44.9,7.6,83.7,10.9,102
1A,10-May-94,13:50:00,1217,1600,21.91,21.2,236.9,0,7.83,0.705,0,0.037,0,1.41,1.29,0.115,0,0.09,194.3,0,7.68,842.5,648.2,34.2,7.6,127,12.5,0.026,0.082,0.068,0.014,734,17,47.8,128,7.1,129.9,18.2,13.42
1A,24-May-94,14:30:00,1304,2249,21.65,21.5,273.5,0,10.16,0.152,0,0.053,0,1.48,1.45,0.028,0,0.1,224.4,0,7.63,916.8,692.4,38.8,7.9,139,17.7,0.04,0.077,0.074,0.004,765,19.1,51.4,138,6.3,98,15.5,6.52
1A,07-Jun-94,15:35:00,1414,0,24.85,24.4,274.3,0,14.08,0.449,0,0.064,0,1.54,1.48,0.057,0,0.1,225,0,0,1005.9,780.9,42.1,7.9,157,14,0.024,0.075,0.062,0.013,850,19,52.6,144,9.2,89.1,9.7,7.06
1A,21-Jun-94,14:15:00,1475,1880,25.74,24.2,265.7,0,7.83,1.54,0,0.026,0,1.78,1.62,0.159,0,0.09,218,0,7.73,1034.9,816.9,44.8,8.1,161,12.3,0.013,0.077,0.054,0.023,904,19.3,53.4,149,11.3,172.7,15.3,5.26
1A,05-Jul-94,15:20:00,1486,1907,26.01,25,260,0,8.4,1.01,0,0.065,0,1.82,1.69,0.132,0,0.09,213.3,0,7.69,1025.7,812.3,45.5,8.3,163,12.5,0.02,0.085,0.063,0.022,921,19.4,54.5,142,8.9,118.4,13.3,67.9
1A,19-Jul-94,14:15:00,455,1921,27.56,25,242.6,0,16.42,2.56,0,0.065,0,2.01,1.68,0.326,0,0.1,199,0,7.37,373.8,174.8,22.3,10.5,64.3,1.99,0.006,0.11,0.036,0.074,160,13.2,30,43.7,9.2,89.2,9.7,60.22
1A,09-Aug-94,13:10:00,1222,1754,29.14,25.4,419.3,0,21.52,3.74,0,0.065,0,2.17,1.81,0.36,0,0.1,344,0,7.49,805.6,461.6,66.1,14,132,19.6,0.008,0.095,0.045,0.05,609,19.4,64,105,12.1,192.9,15.9,12.89
1A,23-Aug-94,13:30:00,1509,1921,26,25.7,203.6,0,2.01,0.303,0,0.057,0,1.25,1.208,0.046,0,0.12,167,0,8.2,1031,864,49.9,8.9,174,0.8,0,0.039,0.033,0.006,980,19.7,58.6,126,7.7,130.2,17,1.63
1A,13-Sep-94,15:15:00,1614,1980,25.7,25.5,197.5,0,5.68,0.195,0,0.044,0,1.87,1.79,0.084,0,0.11,162,0,7.74,1084.6,922.6,52.4,8.9,184,0.57,0.017,0.055,0.052,0.004,1066,20.9,61.5,131,2.7,125.7,46.4,4.27
1A,12-Oct-94,09:30:00,1621,2118,32.32,27,202.4,0,3.11,5.32,0,0.056,0,2.47,1.86,0.606,0,0.09,166,0,8.01,1107.7,941.7,52.9,8.8,189,0.19,0.005,0.107,0.034,0.073,1060,22.2,64.6,132,10.2,187.9,18.4,9.56
1B,10-May-94,14:15:00,1224,1610,21.97,21.3,237.5,0,14,0.673,0,0.073,0,1.46,1.35,0.113,0,0.09,194.8,0,7.43,849.1,654.3,34.4,7.6,128,12.6,0.031,0.094,0.065,0.029,737,17.3,48.7,129,6.9,59.8,8.6,16.98
1B,24-May-94,15:00:00,1356,1740,21.62,21.5,263.3,0,10.48,0.124,0,0.059,0,1.47,1.45,0.02,0,0.1,216,0,7.6,938.3,722.3,38.5,7.7,143,17.5,0.04,0.083,0.08,0.004,816,18.5,52.9,140,7.2,79.9,11.1,2.36
1B,07-Jun-94,16:00:00,1461,0,25.87,24.8,270.4,0,12.36,1.07,0,0.043,0,1.66,1.54,0.118,0,0.1,221.8,0,0,1015.9,794.1,42.4,7.8,157,14.2,0.035,0.093,0.086,0.007,894,19.1,53,148,10.6,394.2,37.3,4.59
1B,21-Jun-94,14:00:00,1443,1880,25.16,24.3,273.2,0,6.23,0.863,0,0.045,0,1.87,1.68,0.188,0,0.09,224.1,0,7.84,1026.7,802.6,44.8,8.2,159,12.5,0.015,0.078,0.055,0.023,871,19.2,53.2,149,5.4,96.8,18.1,9.07
1B,05-Jul-94,15:45:00,0,1928,32.09,25.5,0,0,0,6.59,0,0.255,0,3.77,2.35,1.42,0,0.08,212.9,0,7.2,0,0,44.8,0,163,12.5,0.004,0.352,0.05,0.004,931,19,54.7,145,5.4,4248.6,785,7.5
1B,19-Jul-94,14:30:00,1468,1910,27.34,24.7,242.6,0,9.43,2.64,0,0.064,0,1.95,1.68,0.27,0,0.09,199,0,7.61,1014.8,815.8,48.5,8.8,164,9.69,0.008,0.077,0.039,0.038,915,18.6,57,136,11.4,179.2,15.7,36.22
1B,09-Aug-94,13:30:00,1495,1940,36.19,35,220.6,0,13.31,1.19,0,0.047,0,2.61,2.42,0.192,0,0.09,181,0,7.42,1026.1,845.1,48.4,8.7,171,4.83,0.227,0.423,0.36,0.063,955,20.5,57.3,129,7.2,48.7,6.7,13.07
1B,23-Aug-94,13:50:00,1520,1910,26.21,25.5,196.3,0,2.56,0.705,0,0.053,0,1.31,1.214,0.096,0,0.12,161,0,8.08,1026,865,49.2,8.9,174,0.96,0,0.053,0.029,0.024,1000,19.4,56,124,8.6,75.8,8.8,2.43
1B,13-Sep-94,15:30:00,1550,1985,27.54,25.8,195,0,3.14,1.74,0,0.038,0,2,1.79,0.212,0,0.08,160,0,7.99,1076.3,916.3,51.1,8.8,185,0.43,0.025,0.088,0.058,0.03,1010,20.9,60.3,126,9.6,149.6,15.6,13.27
1B,12-Oct-94,09:45:00,1628,2101,30.08,26.6,204.8,0,2.8,3.48,0,0.056,0,2.19,1.83,0.364,0,0.09,168,0,8.06,1104.3,936.3,53.4,8.9,190,0.15,0.008,0.078,0.036,0.042,1070,22.2,61.9,129,11.1,213.7,19.2,7.16
25,10-May-94,13:10:00,623,950,24.63,23.2,250,0,18.14,1.43,0,0.07,0,1.63,1.44,0.189,0,0.1,205.1,0,7.34,421.1,216,27.2,11.1,59.4,17.9,0.052,0.147,0.126,0.021,271,13.2,39.9,70.7,8.8,175.6,19.9,10.62
25,24-May-94,15:30:00,734,1325,25.2,24.2,280.7,0,10.92,1,0,0.063,0,1.77,1.58,0.188,0,0.11,230.3,0,7.61,493.7,263.4,33.3,11.7,72.6,10.4,0.056,0.139,0.119,0.02,343,14.3,43.8,78,6.2,128.9,20.8,13.05
25,07-Jun-94,16:30:00,977,0,32.99,30.7,314.7,0,20.82,2.29,0,0.06,0,2.25,1.97,0.279,0,0.11,258.2,0,0,666,407.8,46.4,12.2,103,3.73,0.104,0.245,0.186,0.059,507,15.8,49.5,96.9,9.6,100.1,10.5,75.67
25,21-Jun-94,15:00:00,1097,1536,32.38,31.6,347.4,0,11.76,0.779,0,0.047,0,2.25,2.14,0.112,0,0.09,285,0,7.67,742.3,457.3,55.1,12.9,116,0.99,0.103,0.221,0.199,0.022,577,16.9,53.4,106,8.1,91.3,11.3,6.5
25,05-Jul-94,16:10:00,1162,1619,38.34,32.8,358.6,0,21.14,5.54,0,0.248,0,3.46,2.78,0.68,0,0.1,294.2,0,7.43,776.1,481.9,59.7,13.3,123,8.18,0.23,0.459,0.354,0.105,612,17.6,57.3,108,9.5,136.1,14.3,71.63
25,19-Jul-94,15:15:00,1176,1662,33.73,31.7,398.6,0,20.46,2.03,0,0.268,0,2.66,2.4,0.256,0,0.1,327,0,7.49,784.3,457.3,62.4,13.6,125,12,0.258,0.418,0.398,0.02,595,17.9,58.9,108,9.2,261.7,28.3,35.54
25,09-Aug-94,14:00:00,5198,5971,66.64,65.6,705.8,0,19.39,1.04,0,0.107,0,2.37,2.23,0.135,0,0.09,579,0,7.76,3145.3,2566.3,471,23.6,636,18.3,0.015,0.119,0.092,0.027,3266,107,141,211,9,99.3,11.1,54.33
25,23-Aug-94,14:10:00,1317,1772,38.02,36,442.5,0,14.98,2.02,0,0.222,0,2.08,1.79,0.292,0,0.14,363,0,7.67,858.4,495.4,71.7,14.1,143,21.5,0.248,0.43,0.357,0.073,664,20.7,69.9,108,8.1,71.4,8.8,26.7
25,13-Sep-94,16:00:00,1375,1856,39.37,34.5,465.7,0,18.11,4.87,0,0.357,0,2.86,2.33,0.534,0,0.11,382,0,7.61,907.8,525.8,75.2,14,155,19.2,0.193,0.307,0.246,0.061,692,21.7,74.3,108,10.6,205.9,19.4,40.13
25,11-Oct-94,13:45:00,1463,1985,37.93,35.4,488.8,0,4.94,2.53,0,0.127,0,2.34,2.08,0.261,0,0.07,401,0,8.19,940,539,80.9,14.5,161,3.21,0.092,0.164,0.139,0.025,763,23.4,79.4,111,11.3,261,23.1,14.76
37,11-May-94,10:30:00,232,370,36.86,30.8,199.9,0,15.55,6.06,0,0.038,0,2.58,1.83,0.751,0,0.1,164,0,7.31,157.3,0,1.13,1.2,15.4,27.8,0.021,0.194,0.055,0.139,10.1,7.31,34.3,37.6,9.4,112.4,11.9,25.74
37,24-May-94,16:15:00,241,388,31.69,30.2,220.6,0,11.59,1.49,0,0.047,0,2.19,1.98,0.21,0,0.1,181,0,7.48,170.9,0,1.11,1.1,17,23.79,0.011,0.072,0.053,0.019,9.1,6.72,34.5,40.4,8.3,202.2,24.4,5.86
37,08-Jun-94,11:25:00,233,0,33.73,31.7,208.4,0,27.56,2.03,0,0.035,0,2.14,1.88,0.26,0,0.05,171,0,0,163.7,0,0.77,0.8,14.1,30.1,0.795,1.046,0.907,0.139,4.4,5.44,33.1,42.3,9.1,37.7,4.1,3.61
37,22-Jun-94,14:15:00,279,470,37.78,33.8,277.9,0,13.94,3.98,0,0.018,0,2.68,2.22,0.461,0,0.1,228,0,7.5,203.1,0,1.39,1.2,21.8,22.8,0.004,0.164,0.067,0.097,6.2,6.82,37.7,45.4,10.1,105.8,10.5,14.04
37,06-Jul-94,13:20:00,286,491,38.51,33.8,282.8,0,18.71,4.71,0,0.034,0,2.92,2.35,0.565,0,0.1,232,0,7.38,213.4,0,1.17,0.9,23.4,22.9,0,0.116,0.05,0.066,3.7,7.38,40.8,46.9,9.7,184,18.9,12.25
37,19-Jul-94,16:00:00,4360,5007,76.67,75.2,557.6,0,18.44,1.47,0,0.081,0,2.64,2.42,0.218,0,0.09,457.4,0,7.68,2619.1,2161.7,367,22.4,527,2.25,0.012,0.163,0.095,0.068,2804,93.1,112,180,7.9,55.7,7.1,30.09
37,09-Aug-94,14:45:00,250,393,26.5,23.8,224.3,0,17.44,2.7,0,0.055,0,1.87,1.56,0.307,0,0.06,184,0,7.31,162.4,0,1.08,1.1,15.6,38.8,1.07,1.35,1.18,0.17,2.5,5.25,36.9,39.3,10.3,41,4,6.806
37,23-Aug-94,14:30:00,311,506,39.34,35.3,299.9,0,45.52,4.04,0,0.093,0,2.12,1.637,0.481,0,0.15,246,0,7.02,219.7,0,1.27,1,25.4,33.3,0.156,0.45,0.202,0.248,6.7,6.88,43.6,46.1,9.8,42,4.3,9.49
37,14-Sep-94,10:15:00,298,543,51.9,40.8,302.3,0,49.18,11.1,0,0.65,0,4.83,2.67,2.16,0,0.12,248,0,6.99,225.7,0,1.72,1.3,26.2,13.1,0.052,0.408,0.154,0.254,7.7,8.25,44.7,47.2,6,112.7,18.8,288.3
50,11-May-94,10:00:00,2190,2720,41.04,40.4,335.2,0,23.23,0.644,0,0.048,0,1.99,1.9,0.092,0,0.1,275,0,7.36,1284.2,1009.2,173,21.4,244,20.2,0.208,0.345,0.331,0.014,1330,70.2,75.2,112,8.2,118.6,14.5,3.64
50,24-May-94,15:50:00,2651,3220,42.56,42,388.9,0,16.97,0.56,0,0.068,0,2.08,1.98,0.1,0,0.1,319,0,7.56,1578.7,1259.7,215,21.8,304,16.9,0.207,0.34,0.321,0.019,1620,92.4,80.6,131,6.5,76,11.6,13.6
50,07-Jun-94,16:55:00,3604,0,52.34,50.6,469.3,0,25.81,1.74,0,0.158,0,2.76,2.53,0.231,0,0.12,385,0,0,2142.2,1757.2,298,22.2,416,11,0.156,0.314,0.285,0.029,2299,76.5,100,172,8.8,154.7,17.6,24.34
50,21-Jun-94,16:00:00,3963,4525,56.44,55.8,498.9,0,12.79,0.638,0,0.049,0,3.24,3.12,0.119,0,0.1,409.3,0,7.79,2395.2,1985.9,326,21.9,472,3.87,0.012,0.152,0.123,0.029,2540,88.3,106,181,6.3,56.7,9.1,10.57
50,05-Jul-94,16:40:00,4370,5165,80.9,60.6,613.2,0,18.06,20.3,0,0.101,0,5.56,3.02,2.54,0,0.1,503,0,7.73,2760.4,2257.4,388,22.5,551,2.3,0.05,0.362,0.125,0.237,2706,104,120,197,9.3,220.9,23.7,37.12
50,19-Jul-94,15:45:00,272,463,36.39,30.5,260.9,0,13.08,5.89,0,0.05,0,2.67,1.99,0.676,0,0.1,214,0,7.5,194.4,0,1.25,1.1,21.5,29,0.014,0.178,0.068,0.11,3.2,6.82,39.2,42.4,10.2,138.1,13.6,10.32
50,09-Aug-94,14:20:00,298,492,36.2,34.7,288.9,0,8.71,1.5,0,0.063,0,2.64,2.43,0.208,0,0.11,237,0,7.72,210.8,0,1.21,1,23.9,32.4,0.052,0.186,0.117,0.069,3.4,6.72,43.4,45,8.4,56.1,6.7,15.41
50,23-Aug-94,14:45:00,5936,6251,73.98,70,736.3,0,28.63,3.98,0,0.138,0,2.11,1.54,0.569,0,0.13,604,0,7.61,3447.8,2843.8,500,22.9,701,20.5,0.053,0.207,0.108,0.099,3837,125,165,225,8.2,103.7,12.7,18.14
50,13-Sep-94,16:50:00,6667,6908,71.77,70,792.4,0,22.28,1.77,0.004,0.182,0,2.39,2.15,0.237,0,0.1,650,0,7.75,3928.6,3278.6,552,22.5,802,8.38,0.021,0.115,0.085,0.03,4355,142,166,251,8.7,152.1,17.5,8.86
50,11-Oct-94,14:15:00,7730,8162,80.93,77.6,871.6,0,16.14,3.33,0,0.35,0,3.86,3.46,0.399,0,0.12,715,0,7.93,4563.1,3848.1,679,23.5,944,3.09,0.036,0.136,0.086,0.05,5035,175,194,271,9.7,171.7,17.6,21.63
60,10-May-94,16:00:00,215,332,33.34,32,185.3,0,10.19,1.34,0,0.032,0,1.95,1.77,0.176,0,0.04,152,0,7.46,146,0,1.01,1.2,14,27.5,0.643,0.854,0.816,0.038,7.7,5.47,32.2,35.4,8.9,90.9,10.2,5.13
60,24-May-94,16:10:00,216,334,28.97,28.5,188.9,0,15.39,0.469,0,0.026,0,1.92,1.84,0.079,0,0.05,155,0,7.29,148.6,0,0.91,1,12.2,26.7,0.622,0.766,0.736,0.03,6.3,5.89,31.6,39.4,6.9,40.3,5.8,5.74
60,08-Jun-94,10:40:00,275,0,36.29,35.8,258.4,0,23.62,0.486,0,0.049,0,2.33,2.26,0.072,0,0.11,212,0,0,203.6,0,1.21,1,21.8,29.3,0.046,0.151,0.13,0.021,6.7,7,35.8,45.6,7.9,59.7,7.6,10.82
60,06-Jul-94,13:00:00,0,377,33.05,29.2,0,0,0,3.85,0,0.023,0,0,2.84,0.637,0,0.04,166,0,7.02,0,0,0.74,0,18.4,37.9,0.774,1.28,0.914,0.004,3.7,5.43,37.4,34.6,7,2482.1,352.2,67.48
60,19-Jul-94,16:20:00,209,346,35.91,27.5,170.7,0,39.23,8.41,0,0.084,0,3.74,2.48,1.26,0,0.04,140,0,6.84,120.3,0,0.72,0.9,12.9,40.1,1.087,2.054,1.345,0.709,3.7,5.19,35.6,26.9,7.8,30.6,3.9,196.4
60,10-Aug-94,12:50:00,1414,1942,26.81,25.6,223.1,0,11.19,1.21,0,0.058,0,2.05,1.92,0.133,0,0.08,183,0,7.5,994.8,811.8,47.1,8.8,164,4.93,0.008,0.069,0.045,0.024,884,19.2,56.6,128,10.6,130,12.3,39.01
60,23-Aug-94,15:00:00,199,337,51.6,39.3,156,0,41.18,12.3,0,2.38,0,5,3.6,1.4,0,0.11,128,0,6.78,107.9,0,0.95,1.2,13.6,27.6,3.02,4.14,3.4,0.74,7.2,7.38,44.7,20.8,10.2,42.9,4.2,11.88
65,10-May-94,15:20:00,2000,2570,24.93,24.7,543.6,0,10.55,0.23,0,0.066,0,1.22,1.18,0.035,0,0.06,445.9,0,7.91,1233.9,788,185,24,233,15.8,0.005,0.049,0.029,0.02,1100,56.9,31.9,110,7.7,29.7,3.9,1.87
65,25-May-94,08:50:00,2143,2540,25.06,24.6,560.7,0,10.63,0.455,0,0.043,0,1.41,1.34,0.073,0,0.07,460,0,7.92,1309.8,849.8,198,24.2,249,5.76,0.01,0.051,0.035,0.016,1200,66.1,34.4,114,7.3,73.3,10.1,3.03
65,08-Jun-94,12:05:00,2204,0,28.73,28.2,562.7,0,18.18,0.534,0,0.025,0,1.38,1.3,0.079,0,0.07,461.6,0,0,1365.8,904.2,209,24.4,262,2.9,0.004,0.036,0.021,0.015,1240,62,36.3,115,7.9,91.8,11.6,20.02
65,22-Jun-94,13:45:00,2259,2906,31.15,28.1,566.7,0,8.12,3.05,0,0.043,0,2,1.6,0.4,0,0.06,464.9,0,8.04,1382.1,917.2,216,24.8,269,3.38,0,0.076,0.033,0.043,1308,37,36.4,110,8.9,182.9,20.6,9.07
65,06-Jul-94,12:05:00,0,25120,121.85,114,844.3,65.04,5.34,7.85,0,0.194,0,2.99,1.8,1.19,0,0,801,54.2,8.45,13958.3,13157.3,3990,37.8,3260,0.19,0.022,0.413,0.181,0.232,19874,873,248,215,7.7,87.3,11.3,12.38
65,20-Jul-94,09:40:00,2411,3067,30.78,30.3,572.9,0,10.37,0.478,0,0.043,0,1.68,1.6,0.078,0,0.06,470,0,7.94,1430.7,960.7,233,25.5,282,14.3,0.008,0.05,0.047,0.004,1410,41.8,39.8,108,7.1,308.2,43.1,4.25
65,10-Aug-94,11:30:00,215,324,39.57,32.5,162.1,0,24.61,7.07,0,0.228,0,3.42,2.53,0.887,0,0.04,133,0,7.02,107.8,0,0.72,1,12.9,50.3,1.732,2.84,2.237,0.603,2.6,6.25,40.2,21.9,9.3,30.2,3.3,13.74
65,24-Aug-94,10:20:00,2692,3336,37.09,36.6,676.5,0,13.13,0.486,0,0.057,0,1.07,0.995,0.073,0,0.07,555,0,7.91,1635,1080,271,25.8,328,26.7,0.01,0.059,0.041,0.018,1526,46.8,46.1,114,7.8,69.6,9,2.21
65,14-Sep-94,09:30:00,2971,3583,36.55,36,724.1,0,15.42,0.553,0,0.137,0,1.86,1.77,0.094,0,0.07,594,0,7.87,1757.1,1163.1,289,25.7,354,22.9,0.008,0.056,0.042,0.014,1730,48.2,50.2,120,6.9,101.9,14.8,5.23
65,12-Oct-94,10:35:00,0,39409,67,38.1,803.3,0,2.41,28.9,0,0.24,0.01,5.57,1.77,3.8,0,0,659,0,8.7,25931.4,25272.4,7130,36.9,6110,0.13,0.024,0.494,0.221,0.273,39900,570,457,311,8.9,273,30.8,9.37
66,10-May-94,15:25:00,0,25050,90.45,87,1102.1,0,31.72,3.45,0,0.299,0,4.73,4.24,0.491,0,0,904.1,0,7.74,14126.9,13222.8,4260,39.1,3250,2.16,0.019,0.302,0.163,0.139,21100,794,233,299,8.2,64,7.8,10.49
66,25-May-94,09:10:00,0,23100,73.48,70.5,887.1,0,24.37,2.98,0,0.368,0,2.16,1.66,0.504,0,0,727.7,0,7.76,13101.3,12373.6,3790,38.1,3010,0.5,0.018,0.268,0.174,0.094,19260,729,256,284,6.9,81.8,11.9,9.79
66,08-Jun-94,12:15:00,0,0,78.7,75.4,949.1,0,39.56,3.3,0,0.226,0,2.22,1.7,0.522,0,0,778.6,0,0,13056.4,12277.8,3750,37.9,2990,1.14,0.013,0.409,0.177,0.232,19000,703,245,299,7.4,36.7,5,39.91
66,22-Jun-94,13:30:00,0,23288,85.68,79.2,795.4,0,10.15,6.48,0,0.074,0,3.85,2.82,1.03,0,0,652.5,0,8.09,13695.2,13042.7,3760,36.8,3150,0.37,0.018,0.447,0.191,0.256,19900,817,291,291,7.3,65.3,8.9,17.2
66,06-Jul-94,12:20:00,2402,3010,30.95,28.6,608.9,0,11.28,2.35,0,0.036,0,1.9,1.59,0.308,0,0.07,499.5,0,7.93,1460.5,961,234,25.2,285,9.54,0.013,0.083,0.038,0.045,1370,46.2,42.2,115,8.9,134.7,15.1,21.08
66,20-Jul-94,09:20:00,0,25249,126.4,112,712.1,88.32,2.62,14.4,0,0.211,0.01,3.97,1.77,2.2,0,0,731.4,73.6,8.71,13964.4,13233,3800,36.7,3290,2.7,0.02,0.544,0.184,0.36,19486,846,237,168,7.6,103.2,13.5,38.03
66,10-Aug-94,11:10:00,2585,3280,35.17,33.6,621.3,0,12.92,1.57,0,0.055,0,2.62,2.4,0.216,0,0.06,509.7,0,7.88,1524.6,1014.9,252,25.8,303,24.1,0.005,0.067,0.045,0.022,1500,47.5,41.9,111,8.5,184,21.7,35.92
66,24-Aug-94,10:10:00,0,30020,167.6,121.5,543.2,6.24,3.95,46.1,0,0.246,0,7.9,1.542,6.36,0,0,456,5.2,8.34,19196.9,18740.9,5320,37.1,4530,4.29,0.041,1.14,0.278,0.862,28778,1018,361,219,8.5,137.9,16.3,361.8
66,14-Sep-94,09:45:00,40518,33079,166.8,123,705.8,0,7.3,43.8,0.002,0.095,0,7.32,1.41,5.91,0,0,579,0,8.18,19658.5,19079.5,5320,36.5,4630,5.71,0.021,0.689,0.209,0.48,29200,425,351,239,8.6,235.3,27.2,86.68
66,12-Oct-94,10:50:00,3217,4000,38.92,38.5,805.8,0,7.95,0.419,0,0.112,0,1.86,1.8,0.063,0,0.08,661,0,8.2,1921.1,1260.1,324,26.2,389,5.66,0.008,0.05,0.043,0.007,1856,63.3,54.4,128,7.8,154.4,19.9,130.86
67,10-May-94,14:37:00,2566,4256,31.92,31.7,496.1,0,11.59,0.219,0,0.053,0,1.56,1.52,0.043,0,0.08,407,0,7.83,1633.1,1226.1,212,21.6,316,9.07,0.003,0.037,0.028,0.009,1574,41.8,36.2,133,5.9,62.8,10.6,1.73
67,25-May-94,09:45:00,2723,3300,36,35.3,485.4,0,7.29,0.698,0,0.113,0,1.79,1.66,0.126,0,0.08,398.2,0,8.02,1677.6,1279.4,240,23.2,325,0.34,0.008,0.061,0.033,0.028,1702,41.7,38.9,136,6.5,64.3,10,4.81
67,08-Jun-94,13:05:00,3033,0,40.07,39.6,555.7,0,17.55,0.467,0,0.048,0,1.9,1.82,0.075,0,0.07,455.9,0,0,1902.7,1446.8,263,22.6,373,0.6,0.003,0.051,0.046,0.005,1860,74.2,41.8,147,7.3,240.9,33.2,4.97
67,22-Jun-94,13:15:00,3176,3791,51.18,49.4,594.8,0,8.53,1.78,0,0.032,0,2.41,2.2,0.212,0,0.07,487.9,0,8.04,1983.4,1495.5,278,22.9,392,0.48,0.006,0.063,0.04,0.023,1900,121,43.5,148,9.8,199.6,20.4,8.57
67,06-Jul-94,11:40:00,3328,4027,47.17,45.6,654.6,0,14.26,1.57,0,0.028,0,2.55,2.35,0.2,0,0.08,537,0,7.86,2105.3,1568.3,305,23.5,421,1.99,0.013,0.069,0.049,0.02,2020,61.5,46.9,149,9.2,202.4,22.1,10.54
67,20-Jul-94,09:05:00,3413,4208,56.75,55.8,615.5,0,17.71,0.946,0,0.07,0,2.39,2.25,0.142,0,0.07,504.9,0,7.74,2118.4,1613.5,309,23.6,426,6.04,0.004,0.086,0.059,0.027,2110,63.7,48.8,146,7.8,90.4,11.6,33.5
67,10-Aug-94,10:55:00,0,28515,155.1,127,19.7,105.48,0.3,28.1,0,0.308,0.03,6.72,3.04,3.68,0,0,192,87.9,9.04,15430.3,15238.3,4330,37.3,3640,1,0.015,0.646,0.182,0.464,22810,924,325,178,8.9,156.2,17.5,18.31
67,24-Aug-94,09:50:00,4233,4767,75.11,73.4,782.6,0,25.29,1.71,0,0.242,0,2.1,1.823,0.28,0,0.11,642,0,7.69,2600.6,1958.6,381,23.6,531,18.7,0.009,0.084,0.063,0.021,2614,68.2,69,166,7.1,210,29.5,9.84
67,14-Sep-94,09:00:00,4778,5208,62.23,59.6,830.1,0,16.87,2.63,0.003,0.61,0,3.05,2.67,0.384,0,0.08,681,0,7.89,2869.4,2188.4,423,23.8,589,8.31,0.011,0.108,0.061,0.047,3030,72.8,67.8,178,8,144.3,18.1,40.51
67,12-Oct-94,10:05:00,5254,5973,77.05,75,913,0,15.05,2.05,0,2.29,0.02,4.44,4.2,0.242,0,0.07,749,0,7.98,3162.1,2413.1,474,24.1,651,4.55,0.059,0.153,0.106,0.047,3318,89.9,74.4,193,9.9,112.5,11.4,23.66
86,11-May-94,12:30:00,197,318,17.55,17.2,181.6,0,10.22,0.346,0,0.006,0,0.97,0.93,0.038,0,0.07,149,0,7.45,145.1,0,1.26,1.6,12.2,20.74,0.372,0.449,0.419,0.03,7.9,5.14,21.8,38,10.6,29.7,2.8,2.86
86,25-May-94,10:30:00,210,343,17.65,17.2,197.5,0,7,0.445,0,0.197,0,1.09,1.01,0.081,0,0.07,162,0,7.65,164.1,2.1,1.31,1.5,14.8,19.21,0.224,0.314,0.285,0.029,8.7,5.11,21.8,41.3,6.4,39.6,6.2,2.19
86,08-Jun-94,13:35:00,218,0,21.29,20,223.1,0,10.44,1.29,0,0.048,0,1.36,1.18,0.176,0,0.08,183,0,0,172.7,0,1.55,1.6,16.6,15.21,0.207,0.354,0.298,0.056,4.5,5.46,22.6,41.8,8.5,59.4,6.9,7.82
86,22-Jun-94,11:53:00,233,399,24.33,20.5,241,0,14.54,3.83,0,0.091,0,2.05,1.51,0.541,0,0.06,197.7,0,7.42,186.9,0,1.62,1.6,20.9,6.9,0.083,0.318,0.173,0.145,14.7,5.42,24.6,40.4,8.3,68.1,8.3,21.06
86,06-Jul-94,11:10:00,246,448,23.19,20.3,277.1,0,29.08,2.89,0,0.082,0,1.97,1.58,0.386,0,0.07,227.3,0,7.18,208,0,1.62,1.4,21.9,3.55,0.011,0.434,0.259,0.175,2.6,5.12,27.5,47.2,8.7,42.6,4.9,17.58
86,20-Jul-94,11:10:00,241,451,22.31,20.4,275.7,0,20.95,1.91,0,0.037,0,1.94,1.67,0.271,0,0.07,226.2,0,7.32,195.8,0,1.46,1.4,20.7,3.94,0.117,0.417,0.228,0.189,1.8,4.83,28.1,44.3,8.2,26.1,3.2,20.1
86,10-Aug-94,10:30:00,3863,4588,74.62,73.5,691.9,0,20.38,1.12,0,0.093,0,3.09,2.93,0.164,0,0.07,567.6,0,7.73,2367.3,1799.7,350,23.8,481,15.5,0.01,0.111,0.061,0.05,2402,63.1,55.9,155,8,57.8,7.3,65.63
86,24-Aug-94,11:57:00,263,488,32.28,24,293.8,0,51.21,8.28,0,0.038,0,3.12,1.827,1.29,0,0.02,241,0,6.96,215.1,0,2.3,1.9,24.4,3.72,0.172,1.02,0.281,0.739,3,6.13,32.7,45.9,7.5,28.9,3.9,9.38
86,14-Sep-94,11:30:00,267,513,55.5,23.6,296.2,0,62.09,31.9,0,0.057,0,6.36,1.79,4.57,0,0.08,243,0,6.88,217.2,0,2.48,2,24.8,2.36,0.121,0.931,0.2,0.731,3.7,6.86,34.5,46.1,8.1,112.5,13.8,910.8
86,12-Oct-94,11:45:00,292,541,31.12,25.7,330.3,0,10.92,5.42,0,0.382,0,2.5,1.76,0.743,0,0.05,271,0,7.68,237.4,0,3.03,2.3,26.6,0.46,0.071,0.469,0.135,0.334,4.8,9.49,33.4,51.2,8.5,41.8,4.9,48.76
90,11-May-94,13:00:00,9187,16752,69.17,68.8,768,0,18.36,0.37,0,0.058,0,2.83,2.77,0.057,0,0.07,630,0,7.82,5187.8,4557.8,875,26,1140,0.13,0.007,0.09,0.072,0.018,6169,239,188,198,7.6,53,7,2.05
90,25-May-94,10:50:00,9345,0,67.26,67,678.7,0,17.81,0.262,0,0.091,0,2.8,2.75,0.047,0,0.05,556.8,0,0,5439.8,4883,846,24.6,1200,0.34,0.011,0.075,0.064,0.011,6382,222,160,200,6.5,61.4,9.4,1.46
90,08-Jun-94,14:00:00,9367,0,70.37,69.2,729,0,20.98,1.17,0,0.071,0,2.95,2.81,0.143,0,0.06,598,0,0,5396.1,4798.1,857,24.9,1190,0.22,0.009,0.088,0.062,0.026,6379,214,169,199,9.5,116,12.2,8.14
90,22-Jun-94,11:20:00,11155,10320,75.09,71,816.9,0,16.99,4.09,0,0.113,0,3.46,2.94,0.522,0,0.04,670.1,0,7.88,6188.4,5518.3,1060,26.3,1360,0.2,0.004,0.106,0.056,0.05,7368,521,208,236,9.1,210.9,23.1,13.45
90,06-Jul-94,10:40:00,11499,11273,99.22,97,877.1,0,13.48,2.22,0,0.223,0,3.38,3.03,0.346,0,0.04,719.5,0,8.01,6733.6,6014.1,1070,25,1490,0.25,0.006,0.094,0.066,0.028,7830,243,194,240,7.5,204.5,27.3,8.34
90,20-Jul-94,10:45:00,11745,11653,98.99,91.5,902.1,0,20.12,7.49,0,0.151,0,3.69,2.72,0.965,0,0.03,740,0,7.85,6868.3,6128.3,1100,25.2,1530,1.04,0.008,0.273,0.061,0.212,7988,257,197,228,9.1,91.1,10.1,30.19
90,10-Aug-94,10:15:00,251,475,26.8,23.4,284,0,23.13,3.4,0,0.031,0,2.25,1.77,0.478,0,0.08,233,0,7.29,210,0,1.85,1.6,23.4,3.24,0.157,0.548,0.279,0.269,1.1,5.39,30.4,45.5,8.3,32.6,3.9,108.5
90,24-Aug-94,11:25:00,15752,13794,150.1,138,909.4,0,23.86,12.1,0,0.105,0,5.78,3.95,1.83,0,0,746,0,7.78,8762.2,8016.2,1520,26.4,1990,0.81,0.012,0.287,0.067,0.22,10900,320,345,228,7.7,141.8,18.4,127.07
90,14-Sep-94,12:20:00,17778,15358,129.4,108,1070.3,0,22.26,21.4,0.002,0.075,0,5.39,2.37,3.02,0,0,878,0,7.88,9739,8861,1660,25.9,2220,0.79,0.047,0.943,0.095,0.848,12300,341,489,240,8.3,65.1,7.9,2411.5
90,12-Oct-94,11:25:00,0,18454,154.86,152,1418.9,0,17.28,2.86,0,0.313,0,2.71,2.35,0.359,0,0,1164,0,8.11,12259.2,11095.2,2110,26.5,2800,0.33,0.017,0.146,0.065,0.081,14341,451,386,293,9.3,91.1,9.8,49.08
109,11-May-94,12:05:00,194,309,27.16,22.2,163.3,0,18.37,4.96,0,0.023,0,1.86,1.37,0.488,0,0.06,134,0,7.15,127.2,0,0.98,1.3,11.3,26.8,1.12,1.35,1.24,0.11,6.2,5.96,30.4,32.3,11.9,116.3,9.8,9.03
109,25-May-94,10:00:00,212,324,23.26,22.6,180.4,0,11.66,0.657,0,0.081,0,1.55,1.45,0.097,0,0.06,148,0,7.39,145.2,0,0.98,1.1,13.5,30,1.089,1.21,1.174,0.036,6.2,5.9,30.2,35.9,7.9,47.1,6,2.93
109,09-Jun-94,12:00:00,231,358,25.3,23.1,206,0,27.23,2.2,0,0.098,0,1.93,1.66,0.271,0,0.05,169,0,7.08,167.8,0,0.99,1,15.4,31.6,1.14,1.46,1.26,0.2,4.6,5.04,30.1,41.8,9.5,28.4,3,7.71
109,22-Jun-94,12:30:00,237,378,25.45,24,218.2,0,20.89,1.45,0,0.036,0,1.85,1.64,0.208,0,0.05,179,0,7.22,156.8,0,0.83,0.9,14.2,34.5,1.039,1.2,1.15,0.05,4.8,4.92,31.3,39.4,8.1,74.8,9.2,8.28
109,06-Jul-94,09:50:00,251,401,26.51,24.5,229.2,0,25.78,2.01,0,0.086,0,1.85,1.59,0.258,0,0.06,188,0,7.15,168.2,0,0.86,0.9,15.2,37.3,0.734,1.37,1.3,0.07,4.2,5.28,33.3,42.3,9.1,74,8.2,15.31
109,20-Jul-94,11:40:00,236,394,28.61,21.6,221.9,0,24.39,7.01,0,0.023,0,2.37,1.55,0.816,0,0.05,182,0,7.16,158.5,0,0.85,0.9,14.6,31.7,0.85,1.222,1.046,0.176,2.7,4.64,33,39.4,10,102.7,10.3,38.61
109,09-Aug-94,15:15:00,767,1203,32.3,26,649.7,0,29.71,6.3,0.074,1.64,0,4.78,4.1,0.681,0,0.1,533,0,7.54,634,101,27.5,8.2,107,27.5,0.896,1.1,0.999,0.101,164,11.4,31.7,77.5,10.8,160.9,14.9,11.95
109,24-Aug-94,10:45:00,266,414,26.28,24.7,242.6,0,39.46,1.58,0,0.098,0,1.29,1.092,0.198,0,0.07,199,0,6.99,169.7,0,1.27,1.2,16.3,38.4,1.238,1.68,1.44,0.24,5.5,5.35,38.1,41.1,9.3,17,1.8,10.34
109,14-Sep-94,11:00:00,256,432,33,22.5,234,0,46.85,10.5,0,0.219,0,3.62,1.67,1.95,0,0.06,192,0,6.9,168.8,0,1.29,1.3,15.9,34.9,0.643,1.35,0.745,0.605,4.9,5.09,37.7,41.4,6.3,44.8,7.1,351.5
4857,10-May-94,12:33:00,458,745,27.14,17.5,358.4,0,12.7,9.64,0,0.033,0,2.11,1.14,0.97,0,0.11,294,0,7.65,352.8,58.8,15.5,8,50.4,2.26,0.082,0.241,0.122,0.119,115,12.2,27.5,58.2,11.6,208.9,18,8.49
4857,24-May-94,14:00:00,467,778,18.67,18.5,351.1,0,4.18,0.173,0,0.01,0,1.27,1.24,0.028,0,0.11,288,0,8.12,370.9,82.9,17.3,8.5,54.8,1.07,0.125,0.181,0.175,0.006,122,12.6,27.7,58.2,7.2,74.4,10.3,4.43
4857,07-Jun-94,15:05:00,525,0,21.53,21.3,379.1,0,6.11,0.226,0,0.035,0,1.38,1.36,0.023,0,0.12,311,0,0,403.6,92.6,19.5,8.8,62,1.43,0.096,0.15,0.139,0.011,155,12.7,28.1,59.4,11.5,53,4.6,1.31
4857,21-Jun-94,13:20:00,497,791,24.2,22.3,321,12.48,1.53,1.9,0,0.027,0,1.92,1.67,0.253,0,0.09,284.1,10.4,8.54,384.9,100.8,20.7,9.6,63.9,0.44,0.012,0.087,0.057,0.03,150,13.3,29.4,48.8,8.8,163.3,18.6,6.21
4857,05-Jul-94,14:45:00,497,789,25.57,24.2,302.3,14.4,1.46,1.37,0.015,0.078,0,2.79,2.64,0.154,0,0.09,272,12,8.54,378.3,106.3,21.2,10,65.5,2.97,0.069,0.171,0.156,0.015,157,13.3,30.2,43.5,10.4,235.5,22.7,2.11
4857,19-Jul-94,13:50:00,1430,773,24.51,23.7,274.8,29.28,0.65,0.811,0,0.069,0,1.99,1.89,0.097,0,0.09,274.2,24.4,8.88,1016.4,742.2,46.2,8.5,165,9.62,0.108,0.202,0.177,0.025,834,18.9,56.6,135,9.8,83.7,8.6,12.41
4857,09-Aug-94,12:30:00,495,806,27.61,25.4,276.3,35.28,0.59,2.21,0,0.055,0,2.44,2.19,0.254,0,0.1,285.5,29.4,8.93,371.5,86,23.2,10.9,66.4,4.19,0.137,0.239,0.21,0.029,142,14.7,33.5,39.3,10.1,196.5,19.4,4.16
4857,23-Aug-94,13:10:00,535,805,28.04,27.3,272.1,46.08,0.43,0.743,0,0.061,0.01,1.54,1.442,0.094,0,0.14,300,38.4,9.08,397.4,97.4,26,11.3,69.3,0.59,0.12,0.221,0.2,0.021,161,16.1,36.9,44.9,9.2,91.2,9.9,2.17
4857,13-Sep-94,14:30:00,565,915,30.53,27.5,387.6,0,6.69,3.03,0.002,0.069,0,2.43,2.05,0.378,0,0.01,318,0,7.96,426,108,25.9,10.6,73.4,1.08,0.213,0.268,0.241,0.027,166,18.4,40.3,49.6,9.3,289.4,31,156.43
4857,11-Oct-94,13:15:00,614,1010,30.7,29,434,0,4.08,1.7,0,0.077,0,2.29,2.1,0.19,0,0.07,356,0,8.22,459.8,103.8,28.1,10.6,77,0.69,0.079,0.149,0.129,0.02,174,20.4,42.6,57.2,10.4,219.2,21,8.33
6642,25-May-94,11:10:00,676,0,30.2,29,442.5,0,12.44,1.2,0,0.113,0,1.96,1.8,0.157,0,0.13,363,0,0,554.1,191.1,20.1,7,80.9,14.9,0.202,0.295,0.261,0.034,222,9.09,22.8,88.5,8.9,91,10.2,3.14
6642,08-Jun-94,14:25:00,690,0,33.62,33.2,441.3,0,15.64,0.416,0,0.06,0,1.86,1.8,0.058,0,0.12,362,0,0,569.5,207.5,21.1,7.1,87.8,13.9,0.202,0.288,0.278,0.01,236,8.45,22.3,83.3,8.4,107.3,12.8,2.53
6642,22-Jun-94,11:00:00,705,1104,35.34,33.8,468.3,0,22.43,1.54,0,0.089,0,3.19,3.02,0.168,0,0.11,384.2,0,7.52,582.4,198.2,22.8,7.5,90.7,14.2,0.231,0.351,0.328,0.023,232,8.72,22.5,83.7,10.7,172.7,16.2,4.26
6642,06-Jul-94,10:20:00,753,1157,41.14,38.7,541.1,0,27.14,2.44,0,0.307,0,2.7,2.32,0.383,0,0.11,443.9,0,7.5,617.3,173.4,24.5,7.6,98.5,19.5,0.39,0.673,0.559,0.114,223,10.1,25.9,84.8,7.4,55.2,7.4,53.38
6642,20-Jul-94,10:20:00,714,1176,39.12,37.7,566.8,0,25.32,1.42,0,0.073,0,2.73,2.51,0.215,0,0.11,465,0,7.55,597.4,132.4,24.9,7.9,98.1,22.3,0.381,0.586,0.51,0.076,176,10.1,26.3,77.5,7.7,48.2,6.3,45.37
6642,10-Aug-94,09:50:00,13124,12689,126.73,122,884.9,0,19.73,4.73,0,0.146,0,4.06,3.35,0.708,0,0.02,725.9,0,7.85,7624.3,6898.4,1240,25.4,1730,1.15,0.01,0.302,0.061,0.241,8999,287,230,201,7.8,50.6,6.5,21.73
6642,24-Aug-94,11:10:00,778,1213,56.63,53.8,664.4,0,33.32,2.83,0,0.136,0,2.06,1.715,0.346,0,0.1,545,0,7.5,653,108,30.3,8.7,113,24.6,0.299,0.472,0.406,0.066,164,12.2,31.7,75.2,9.5,110.6,11.6,10.39
6642,14-Sep-94,12:00:00,810,1260,51.6,44,694.8,0,26.4,7.6,0.003,0.094,0,3.12,2.28,0.835,0,0.11,570,0,7.62,665.3,95.3,31.5,8.8,116,20.3,0.232,0.371,0.281,0.09,179,13,32.5,75.2,10.6,217.8,20.5,88.27
6642,11-Oct-94,15:30:00,886,1413,47.35,46.4,771.6,0,9.18,0.948,0.016,0.187,0,2.55,2.43,0.118,0,0.12,633,0,8.12,740.1,107.1,36,9.1,125,15.4,0.221,0.305,0.285,0.02,191,15.2,33.2,90.3,9.4,122.2,13,7.51
Gursky's,11-May-94,13:45:00,487,818,32.93,26.4,430.3,0,15.25,6.53,0,0.009,0,2.86,1.83,1.03,0,0.18,353,0,7.65,378.7,25.7,13.8,6.4,63,7.51,0.215,0.488,0.293,0.195,83.5,11.3,48.3,47.8,7.4,86.4,11.7,14.97
Gursky's,25-May-94,11:30:00,511,0,31.22,24,436.4,0,27.57,7.22,0,0.006,0,2.82,1.78,1.04,0,0.19,358,0,0,390.6,32.6,13.9,6.3,64.5,16.2,0.247,0.514,0.32,0.194,91.6,12.1,47.5,50.1,8.1,96,11.9,51.12
Gursky's,21-Jun-94,13:00:00,520,856,31.2,23.8,436.8,0,10.44,7.4,0,0.116,0,2.98,1.8,1.18,0,0.17,358.3,0,7.82,396.2,37.9,14,6.2,64.7,14.2,0.327,0.595,0.404,0.191,100,12,48.2,52,7.3,99.9,13.7,83.2
Gursky's,06-Jul-94,09:20:00,525,869,31.19,26,443.4,0,12.76,5.19,0.017,0.276,0,2.88,2.29,0.594,0,0.17,363.7,0,7.74,403.5,39.8,14.3,6.3,65.8,19.8,0.397,0.586,0.474,0.112,92.3,12.4,48.9,53.1,10.2,119.5,11.7,36.35
Gursky's,20-Jul-94,12:15:00,495,889,27.51,24.9,437.6,0,13.19,2.61,0.024,1.19,0.01,3.37,3.07,0.299,0,0.16,359,0,7.72,396.6,37.6,14,6.2,64.8,23.8,0.704,0.878,0.836,0.042,65.4,11.8,47.5,52,10.2,160.3,15.7,11.82
Gursky's,10-Aug-94,09:25:00,550,913,42.52,41.5,470.9,0,18.31,1.02,0,0.143,0,3.54,3.4,0.137,0,0.17,386.3,0,7.61,429.5,43.2,15.5,6.4,69.2,29.3,0.392,0.534,0.51,0.024,80.2,12.7,53.2,57.9,8.7,109.6,12.6,38.03
Gursky's,23-Aug-94,15:30:00,566,901,40,25.6,474.2,0,15.32,14.4,0,0.043,0,4.35,2.024,2.33,0,0.24,389,0,7.69,432.3,43.3,15.7,6.4,70,29.6,0.648,1.16,0.796,0.364,92,13,54.8,57.7,7.2,102,14.2,368.08
Gursky's,14-Sep-94,12:45:00,545,903,37.1,25,477.8,0,9.49,12.1,0,0.01,0,3.91,2.06,1.85,0,0.17,392,0,7.9,416.2,24.2,15.4,6.5,67.5,30.5,0.621,0.959,0.733,0.226,76.6,13.3,51.2,55.4,7.6,138.1,18.1,214.36
Gursky's,11-Oct-94,16:10:00,578,940,37.6,26,477.4,16.44,3,11.6,0,0.058,0,3.63,1.99,1.64,0,0.18,419,13.7,8.42,444.1,25.1,16.7,6.6,72.4,30.9,0.576,0.921,0.657,0.264,81.2,13.5,52.7,58.5,8.2,113.3,13.7,129.72
1A,30-May-95,10:50:00,1555.8,1980,26.81,26.5,264.5,0,6.62,0.306,L0.01!,0.082,,1.908,1.84,0.068,0,0.1,217,0,7.8,1091.5,874.5,51.4,8.8,179,11.5,0.009,0.074,0.046,0.028,959,23.7,58.9,142,5.2,28.2,5.4,5
1A,20-Jun-95,09:30:00,1655.004,2130,28.92,28.2,273.1,0,12.48,0.715,0.01,0.26,,2.364,2.27,0.094,0,0.1,224,0,7.54,1160,936,56.4,9,192,6.66,0.045,0.121,0.096,0.025,1028,23.9,65.5,148,8.9,73.8,8.3,13.1
1A,12-Jul-95,14:00:00,1723.09,2214,29.71,28.744,,0,,0.967,L0.01!,0.092,,2.2,2.041,0.159,0,0.1,210,0,7.68,0,0,59.3,0,200,4.79,0.022,0.096,0.075,0.021,1090,25,67.9,150,7.1,118.7,16.7,16.5
1A,25-Jul-95,10:40:00,1797.8,2230,40.7,29.4,,0,,11.3,L0.01!,0.137,,3.53,2.24,1.29,0,0.1,212,0,7.41,0,0,60.4,0,204,11.3,0.023,0.22,0.084,0.136,1150,25.6,70.2,149,10.2,214.3,21,12
1A,14-Aug-95,13:10:00,1734.092,2220,33.48,29.8,,0,,3.68,0.023,0.33,,2.866,2.44,0.426,0,0.1,210,0,7.5,0,0,56.2,0,204,6.99,0.052,0.143,0.109,0.034,1100,24.8,70.9,145,10.1,279.1,27.7,5.8
1A,28-Aug-95,13:45:00,1747.77,2250,29.98,29.3,246.2,0,3.61,0.683,L0.01!,0.068,0,2.31,2.16,0.15,0,0.09,202,0,8.03,1195.3,993.3,59,9.1,203,0.98,0.031,0.116,0.113,0.003,1120,26.2,73.3,144,5.3,587.1,110.6,13.1
1A,12-Sep-95,12:40:00,,,30.82,30.6,,,,0.218,L0.01!,0.114,0,2.575,2.54,0.035,0,,,,,,,,,,,0.055,0.131,0.11,0.021,,,,,7.3,26.8,3.7,2.9
1A,17-Oct-95,11:40:00,,,30.67,30,,,,0.665,0.034,0.109,0,2.702,2.59,0.112,0,,,,,,,,,,,0.024,0.107,0.08,0.027,,,,,6.9,63.5,9.2,6.4
1B,30-May-95,11:30:00,1544.29,1987,26.55,26.3,269.4,0,6.15,0.25,L0.01!,0.076,,1.929,1.88,0.049,0,0.09,221,0,7.84,1089,868,51.7,8.8,179,11.8,0.008,0.059,0.044,0.015,947,21.7,59.4,141,5.9,43,7.2,2.8
1B,20-Jun-95,09:50:00,1727.09,2150,31.12,27.9,271.8,0,17.57,3.22,L0.01!,0.292,,2.578,2.206,0.372,0,0.1,223,0,7.39,1168.3,945.3,55.2,8.8,194,7.19,0.038,0.131,0.087,0.044,1100,24,64.8,148,10.1,188.7,18.7,8.4
1B,12-Jul-95,13:30:00,604.98,938,29.27,28.602,,0,,0.664,L0.01!,0.103,,2.073,1.927,0.146,0,0.18,448,0,8.18,0,0,17,0,74,31.2,0.022,0.094,0.075,0.019,83.1,13.6,53.4,63.7,5.3,90.1,17,9
1B,25-Jul-95,10:00:00,1796.6,2230,35.05,31.7,,0,,3.35,L0.01!,0.164,,2.75,2.31,0.44,0,0.1,214,0,7.6,0,0,60,0,204,11.2,0.019,0.148,0.095,0.053,1150,25.6,70.3,147,8.9,163,18.4,17.5
1B,14-Aug-95,12:10:00,1742.025,2210,30.19,29.7,,0,,0.487,0.017,0.303,,2.434,2.34,0.094,0,0.1,198,0,7.64,0,0,55.6,0,202,6.45,0.052,0.15,0.12,0.03,1120,24.9,70.1,144,6,41.9,6.9,4.8
1B,28-Aug-95,13:20:00,1736.77,2250,30.18,28.9,258.4,0,3.37,1.28,L0.01!,0.05,0,2.477,2.19,0.287,0,0.08,212,0,8.08,1220.9,1008.9,59,8.9,208,1.39,0.027,0.124,0.095,0.029,1095,26.7,73.4,146,5.2,113.8,21.9,20.2
1B,12-Sep-95,12:25:00,,,30.76,30.5,,,,0.255,L0.01!,0.165,0,2.714,2.68,0.034,0,,,,,,,,,,,0.07,0.145,0.127,0.018,,,,,8.7,36.5,4.2,2.4
1B,17-Oct-95,13:15:00,,,30.94,30,,,,0.944,0.027,0.123,0,2.563,2.42,0.143,0,,,,,,,,,,,0.024,0.106,0.081,0.025,,,,,7.7,97.4,12.6,8.5
25,30-May-95,13:25:00,1255.62,1743,31.66,31.3,448.6,0,8.12,0.356,L0.01!,0.084,,1.968,1.91,0.058,0,0.11,368,0,7.94,832,464,70.4,14.3,139,5.21,0.288,0.353,0.332,0.021,629,19.9,67.2,104,7.2,43.7,6.1,4.5
25,20-Jun-95,10:35:00,1379.82,1920,34.83,34.5,493.7,0,18.76,0.332,L0.01!,0.182,,2.354,2.3,0.054,0,0.12,405,0,7.62,906.2,501.2,79.1,14.6,154,20.9,0.391,0.497,0.481,0.016,673,22.6,78.1,109,7.2,53.5,7.5,3.2
25,12-Jul-95,15:10:00,1776.01,2228,41.68,40.528,,0,,1.15,L0.01!,0.064,,2.485,2.3,0.185,0,0.1,218,0,7.54,0,0,57.3,0,201,3.81,0.389,0.516,0.482,0.034,1140,25.3,67.7,150,7.2,87.2,12,2.1
25,25-Jul-95,15:30:00,1529.03,2030,43.36,42.5,,0,,0.86,L0.01!,0.177,,2.744,2.62,0.124,0,0.13,406,16.6,8.36,0,0,90.8,0,172,33.6,0.433,0.564,0.532,0.032,774,25.5,85.4,104,8.1,69.3,8.6,9.5
25,14-Aug-95,15:15:00,1475.13,2000,40.74,40,,0,,0.744,L0.01!,0.071,,2.364,2.27,0.094,0,0.13,394,21.2,8.35,0,0,87.6,0,170,16.2,0.368,0.471,0.439,0.032,753,24.4,83.4,104,9.2,60,6.5,6.1
25,28-Aug-95,11:00:00,1554.43,2070,40.92,40.6,440.5,28.56,3.62,0.321,L0.01!,0.061,0,2.544,2.48,0.064,0,0.13,409,23.8,8.33,1002.5,593.5,95.7,15.7,178,13.9,0.413,0.54,0.484,0.056,797,25.9,90.4,108,5.8,14.8,2.5,2.4
25,12-Sep-95,11:57:00,,,44.22,43.7,,,,0.52,L0.01!,0.058,0,2.812,2.73,0.082,0,,,,,,,,,,,0.43,0.522,0.499,0.023,,,,,7.4,58.3,7.9,2.4
25,17-Oct-95,12:20:00,,,43.85,42.9,,,,0.946,0.015,0.044,0,3.108,2.98,0.128,0,,,,,,,,,,,0.22,0.332,0.315,0.017,,,,,8.6,143.5,16.6,9.3
37,31-May-95,09:30:00,377.92,657,65.34,64.3,373,0,20.05,1.04,L0.01!,0.232,,4.568,4.42,0.148,0,0.19,306,0,7.47,293.8,0,4.27,2.5,35.1,8.56,0.031,0.745,0.424,0.321,10.4,19.8,56.2,59.8,8.2,8.4,1,42.8
50,30-May-95,15:45:00,4761.3,5220,56.24,55.7,543.7,0,12.12,0.541,L0.01!,0.035,,2.188,2.09,0.098,0,0.12,446,0,7.85,2776.4,2330.4,397,22.8,564,3.58,0.014,0.094,0.077,0.017,3120,104,123,182,6.4,82.1,12.7,4.5
50,20-Jun-95,14:40:00,6048.29,6630,71.33,70.2,681.4,0,19.61,1.13,L0.01!,0.078,,2.264,2.05,0.214,0,0.09,559,0,7.74,3531.3,2972.3,534,23.7,734,11.8,0.015,0.135,0.091,0.044,3940,123,166,204,6.2,66.2,10.8,9.7
50,12-Jul-95,14:50:00,235.06,411,70.9,69.159,,0,,1.74,L0.01!,0.21,,3.079,2.855,0.224,0,0.16,167,0,6.86,0,0,2.71,0,15.9,24,0.059,0.192,0.145,0.047,10.1,8.09,35.5,38.4,9.1,95.5,10.5,5.1
50,25-Jul-95,15:01:00,7709.81,8020,73.46,71.3,,0,,2.16,L0.01!,14.4,,10.501,10.2,0.301,0,0.01,709,0,7.58,0,0,682,0,956,11.4,0.046,0.169,0.131,0.038,5050,155,180,250,8.4,146.6,17.5,12.8
50,14-Aug-95,15:45:00,6261.99,7170,63.85,61,,0,,2.85,L0.01!,0.084,,3.088,2.68,0.408,0,0.05,539,0,7.72,0,0,564,0,794,4.54,0.07,0.184,0.131,0.053,4240,132,I56,204,8.1,138.7,17,22.5
65,30-May-95,14:40:00,2515.28,3077,30.48,30.1,577.8,0,8.68,0.384,L0.01!,0.123,,1.81,1.74,0.07,0,0.07,474,0,8.02,1499,1025,239,25.1,298,2.11,0.012,0.055,0.048,0.007,1500,41.9,40.8,109,6.4,141.5,22.1,2
65,20-Jun-95,11:15:00,2820.66,3320,34.13,33.2,620.5,0,7.38,0.93,L0.01!,0.11,,1.959,1.81,0.149,0,0.06,509,0,8.12,1550.5,1041.5,273,27,319,4.8,0.011,0.073,0.042,0.031,1731,46,46.4,95,7.3,77.4,10.6,7.3
65,12-Jul-95,10:50:00,5551.96,6080,37.08,36.407,,0,,0.675,L0.01!,0.042,,2.047,1.943,0.104,0,0.06,672,0,8.12,0,0,516,0,713,4.5,0.005,0.052,0.038,0.014,3582,85,75.2,173,7.6,124.3,16.4,2.3
65,25-Jul-95,14:00:00,2851.14,3480,40.4,39.1,,0,,1.3,L0.01!,1.4,,2.332,2.17,0.162,0,0.04,383,39.4,8.75,0,0,311,0,367,11.4,0.002,0.064,0.042,0.022,1790,51.3,50.2,40.4,9.4,152.4,16.3,3.7
65,14-Aug-95,11:00:00,2708.25,3420,37.39,36.8,,0,,0.586,L0.01!,0.035,,2.045,1.95,0.095,0,0.05,359,27.2,8.45,0,0,281,0,351,5.6,0.004,0.061,0.037,0.024,1720,46,48,41.2,7.2,63,8.8,4.9
65,28-Aug-95,11:50:00,2967.19,3610,36.06,35.6,338.4,59.64,1.25,0.46,L0.01!,0.038,0,2.398,2.3,0.098,0,0.04,377,49.7,8.74,1645.1,1268.1,310,28.3,370,1.25,0.003,0.056,0.042,0.014,1910,47.6,53.3,48.8,5.5,84.7,15.5,2
65,12-Sep-95,10:53:00,,,41.7,41.3,,,,0.403,L0.01!,0.054,0,2.671,2.61,0.061,0,,,,,,,,,,,L0.002!,0.054,0.041,0.013,,,,,7.7,79.9,10.4,2.3
65,17-Oct-95,13:04:00,,,42.11,41.3,,,,0.811,L0.01!,0.045,0,2.568,2.45,0.118,0,,,,,,,,,,,L0.002!,0.062,0.048,0.014,,,,,8,149.4,18.6,5.8
66,31-May-95,14:55:00,32813.48,27509,119.9,106,685.1,0,15.64,13.9,L0.01!,0.292,,5.19,2.84,2.35,0,IN,562,0,7.84,15789.8,15227.8,4540,38,3680,7.28,0.069,0.679,0.52,0.159,22830,900,263,256,6.9,225.4,32.7,51.9
66,20-Jun-95,11:30:00,43829.91,33100,189.15,148,702.1,0,12.7,41.15,L0.01!,0.32,,7.33,1.22,6.11,0,L.01,576,0,7.94,20267.3,19691.3,5890,38.3,4770,1.31,0.032,0.854,0.205,0.649,31100,1150,321,252,7.9,163.5,20.8,136.4
66,12-Jul-95,10:35:00,2824.185,3506,207.72,158.819,,0,,48.9,0.008,0.43,,8.339,1.659,6.68,0,0.05,419,12.6,8.38,0,0,294,0,350,10.5,0.022,0.84,0.036,0.804,1760,52.4,48.2,57.6,8.5,156.8,18.4,93
66,25-Jul-95,14:30:00,56338.43,40000,78.07,75.7,,0,,2.37,L0.01!,0.155,,3.513,3.2,0.313,0,0.01,376,91.6,8.78,0,0,7690,0,6400,0.82,0.01,0.114,0.072,0.042,40900,544,458,120,8.8,145.5,16.5,91.1
66,14-Aug-95,11:10:00,42993.92,33100,198,148,,0,,50,0.025,0.354,,9.24,1.27,7.97,0,0.01,318,0,7.71,0,0,5950,0,4820,2,0.006,1.02,0.248,0.772,31000,477,360,194,7.3,167,22.8,222.7
66,28-Aug-95,12:05:00,51142.7,37900,184.6,160,484.4,69.96,2.4,24.6,L0.01!,0.36,0.01,4.78,1.17,3.61,0,0.01,514,58.3,8.6,23795.5,23281.5,7250,39.3,5610,1.29,0.026,0.604,0.271,0.333,36800,467,426,280,7.9,190.5,24,93.5
66,12-Sep-95,10:35:00,,,217.97,210,,,,7.97,L0.01!,0.54,0,3.24,1.93,1.31,0,,,,,,,,,,,0.03,0.546,0.372,0.174,,,,,7.1,118.1,16.6,34.9
66,17-Oct-95,13:00:00,,,210.5,186,,,,24.5,L0.01!,1.6,0,4.27,1.23,3.04,0,,,,,,,,,,,0.023,0.771,0.319,0.452,,,,,9.4,139.8,14.9,95.5
67,30-May-95,14:00:00,4306.037,4960,54.82,54.5,746,0,16.64,0.324,0.022,2.33,0.01,3.577,3.52,0.057,0,0.04,612,0,7.85,2694,2082,383,23.1,547,10.5,0.163,0.257,0.253,0.004,2690,71.6,59.6,177,6.6,208.9,31.5,2.7
67,20-Jun-95,11:00:00,5218.27,5660,69.57,69.2,808.2,0,14.97,0.365,0.027,0.339,,2.793,2.71,0.083,0,0.05,663,0,7.93,3102.4,2439.4,471,24.3,645,9.3,0.169,0.276,0.266,0.01,3360,82.9,73.1,179,5.1,94.1,18.4,10.8
67,12-Jul-95,10:15:00,1475.33,2019,66.58,66.326,,0,,0.254,L0.01!,0.139,,2.494,2.438,0.056,0,0.13,377,0,8.18,0,0,86.7,0,168,32.7,0.06,0.152,0.142,0.01,748,24.7,82.9,106,5.3,65.5,12.4,3.2
67,25-Jul-95,13:30:00,5819.45,6250,230.8,211,,0,,19.8,L0.01!,0.49,,4.75,1.62,3.13,0,0.04,610,0,8.2,0,0,542,0,751,3.01,0.021,0.634,0.371,0.263,3830,87.2,80.2,160,7.4,194.1,26.3,6.8
67,14-Aug-95,10:00:00,5016.12,6040,68.46,66.4,,0,,2.06,L0.01!,0.077,,2.857,2.61,0.247,0,0.02,547,0,8.24,0,0,502,0,686,7.6,0.014,0.119,0.083,0.036,3200,78.7,76.6,137,9.7,147.6,15.2,1.5
67,28-Aug-95,11:35:00,6166.96,6380,68.73,68.2,587.6,49.2,5.24,0.533,L0.01!,0.072,0,2.813,2.68,0.133,0,0.01,564,41,8.31,3538.8,2974.8,562,25.1,771,9.65,0.007,0.124,0.081,0.043,4166,90.1,83.8,146,4.7,32,6.8,1.1
67,12-Sep-95,10:10:00,,,73.63,73.3,,,,0.331,L0.01!,0.064,0,3.269,3.22,0.049,0,,,,,,,,,,,0.006,0.095,0.085,0.01,,,,,7.9,85.4,10.8,1.9
67,17-Oct-95,12:45:00,,,73.24,72.7,,,,0.544,L0.01!,0.128,0,3.784,3.7,0.084,0,,,,,,,,,,,0.002,0.083,0.065,0.018,,,,,7.6,77.9,10.3,8.8
86,31-May-95,11:15:00,310.59,537,45.46,39.8,312.1,0,21.13,5.66,L0.01!,0.016,,3.574,2.77,0.804,0,0.14,256,0,7.37,247.1,0,5.05,3.6,30.6,14.7,0.776,1.99,0.951,1.039,8.5,13.3,36.2,48.5,8.2,14,1.7,14.3
90,31-May-95,10:45:00,10371.5,10519,77.65,76.8,698.5,0,11.79,0.852,L0.01!,0.073,,3.2,3.01,0.19,0,0.02,573,0,7.97,5836.5,5263.5,1060,27.5,1320,0.68,0.012,0.117,0.06,0.057,7048,251,187,161,5.2,38.5,7.4,8.7
90,20-Jun-95,15:00:00,12067.03,12100,90.89,89.7,808.2,0,15.32,1.19,L0.01!,0.098,,4.273,3.99,0.283,0,0.01,663,0,7.92,6813.3,6150.3,1240,27.6,1570,1.22,0.014,0.125,0.073,0.052,8220,276,222,140,4.9,59,12,27.1
90,12-Jul-95,12:10:00,1018.072,1527,120.54,111.921,,0,,8.62,0.005,1.09,,5.356,3.576,1.78,0,0.15,519,0,7.64,0,0,39.3,0,134,52.6,0.034,0.37,0.19,0.18,326,16.6,33,105,5.6,123.5,21.9,79.8
90,25-Jul-95,15:00:00,20587.76,17300,147.9,132,,0,,15.9,0.011,0.239,,5.03,2.38,2.65,0,0.03,1054,0,8.1,0,0,2020,0,2670,3.28,0.019,0.4,0.152,0.248,14300,418,351,193,7,165.3,23.6,128.4
90,14-Aug-95,12:00:00,12327.83,12600,101.9,84.5,,0,,17.4,L0.01!,0.141,,6.22,3.68,2.54,0,0.01,711,0,7.46,0,0,1300,0,1680,5.22,0.002,0.332,0.083,0.249,8280,272,229,135,8,180.2,22.6,133.8
109,31-May-95,12:15:00,224.82,391,33.22,30.9,190.2,0,18.63,2.32,L0.01!,0.035,,2.948,2.56,0.388,0,0.1,156,0,7.21,144.5,0,2.25,2.4,16.6,4.47,1.99,2.38,2.16,0.22,23.6,11.6,42.1,30.5,7,27.2,3.9,18.8
109,20-Jun-95,12:40:00,217.62,395,52.7,35.6,179.2,0,40.25,17.1,L0.01!,0.212,,5.64,2.58,3.06,0,0.11,147,0,6.85,138.1,0,2.49,2.8,15.9,16.5,3.21,4.08,3.45,0.63,15.1,9.42,40.8,29.1,6.5,70,10.7,192
109,12-Jul-95,14:35:00,17538.56,15683,69.04,44.639,,0,,24.4,0.008,0.178,,7.14,4.22,2.92,0,0.03,862,0,7.74,0,0,1730,0,2230,2.29,3.54,5.5,3.84,1.66,12200,359,325,175,9.7,37.9,3.9,11.1
4857,31-May-95,12:15:00,614.36,945,20.6,20.2,297.4,0,5.14,0.396,L0.01!,0.024,,1.493,1.44,0.053,0,0.11,244,0,7.96,455.5,211.5,23.5,9.3,70.3,2.75,0.039,0.141,0.127,0.014,255,17,32.8,66.5,8.7,72.9,8.4,5.2
4857,20-Jun-95,10:10:00,653.66,1010,23.82,23.4,325.5,0,17.9,0.415,L0.01!,0.142,,1.916,1.81,0.106,0,0.12,267,0,7.46,475.1,208.1,26.1,9.8,77.2,8.84,0.012,0.194,0.17,0.024,263,17.1,38.1,63,4.6,44.6,9.8,39.4
4857,12-Jul-95,09:30:00,639.3,983,26.14,25.367,,0,,0.775,L0.01!,0.238,,2.194,2.025,0.169,0,0.11,247,0,7.66,0,0,28.5,0,77.8,7.69,0.053,0.146,0.112,0.034,268,17.6,39.3,52.1,5.3,58.8,11,4.7
4857,25-Jul-95,12:30:00,646.54,960,26.76,26.3,,0,,0.455,L0.01!,0.054,,2.2,2.11,0.09,0,0.12,230,18.4,8.76,0,0,29.3,0,80.7,1.02,0.011,0.078,0.071,0.007,293,18.2,39.9,46.3,5.9,167.6,28.4,4.2
4857,14-Aug-95,09:50:00,654.08,1010,27.03,26.2,,0,,0.827,L0.01!,0.077,,2.085,1.92,0.165,0,0.12,246,0,7.82,0,0,28,0,81.8,5.16,0.085,0.174,0.152,0.022,276,18.1,42,55.3,5.8,96.9,16.6,9.3
4857,28-Aug-95,10:30:00,700.49,1080,29.45,29,331.6,0,6.9,0.452,L0.01!,0.074,0,2.171,2.07,0.101,0,0.12,272,0,7.88,511.8,239.8,30.4,10.4,86.6,3.27,0.134,0.224,0.191,0.033,290,19.3,45.4,62.2,5.2,35.3,6.8,8
4857,12-Sep-95,13:50:00,,,29.43,28.9,,,,0.532,L0.01!,0.043,0,2.26,2.17,0.09,0,,,,,,,,,,,0.2,0.266,0.248,0.018,,,,,6.9,76.2,11.1,2.8
4857,17-Oct-95,10:50:00,,,31.54,28.7,,,,2.84,L0.01!,0.098,0,2.491,2.16,0.331,0,,,,,,,,,,,0.075,0.167,0.127,0.04,,,,,10,183.1,18.3,11.9
6642,31-May-95,10:15:00,843.51,1245,42.17,41.5,485.2,0,13.03,0.665,L0.01!,0.07,,2.788,2.64,0.148,0,0.11,398,0,7.77,669.6,271.6,29.6,8.3,112,20.3,0.521,0.671,0.65,0.021,310,14.6,34.6,83.5,5.2,81.7,15.6,3.1
6642,20-Jun-95,13:15:00,960.9743,1400,54.43,53.9,592.4,0,22.51,0.53,0.01,0.193,,3.222,2.97,0.252,0,0.13,486,0,7.62,729,243,35.4,9.1,120,48.5,0.81,0.991,0.955,0.036,321,15.7,34.5,94.1,2.5,38,15.5,23.4
6642,12-Jul-95,12:35:00,54502.65,39873,68.65,61.345,,0,,7.3,0.003,0.08,,4.046,3.053,0.993,0,0.01,547,0,8.26,0,0,7300,0,6140,1.43,0.646,0.897,0.775,0.122,38800,1370,449,114,8.6,154.3,18,27.3
6642,25-Jul-95,12:00:00,1070.24,1500,61.6,61,,0,,0.602,L0.01!,0,,3.48,3.36,0.12,0,0.14,555,0,7.88,0,0,40.4,0,138,48.3,0.434,0.565,0.53,0.035,353,17.5,31.9,108,5.9,44.4,7.6,7.4
6642,14-Aug-95,14:30:00,948.02,1370,56.73,53.3,,0,,3.43,L0.01!,0.174,,3.523,3.07,0.453,0,0.12,420,0,7.68,0,0,36.6,0,125,27.5,0.068,0.197,0.156,0.041,368,16.1,30,92.7,8.8,215.7,24.4,8.2
6642,28-Aug-95,14:15:00,1022.84,1480,57.96,57.2,500.5,29.64,2.25,0.758,L0.01!,0.105,0,3.344,3.2,0.144,0,0.14,460,24.7,8.58,793.5,333.5,41.4,9.7,133,29.9,0.172,0.257,0.23,0.027,393,17.6,33.3,98.5,6.1,72.4,11.8,4.8
6642,12-Sep-95,10:00:00,,,61.95,61.6,,,,0.354,0.024,0.19,0,3.597,3.55,0.047,0,,,,,,,,,,,0.262,0.314,0.299,0.015,,,,,8.8,60.9,6.9,3.7
6642,17-Oct-95,13:50:00,,,52.37,51.8,,,,0.566,0.082,0.364,0,4.043,3.97,0.073,0,,,,,,,,,,,L0.002!,0.067,0.045,0.022,,,,,9,66.3,7.3,4.9
Gursky's,31-May-95,12:50:00,561.3886,895,30.78,28.4,493.7,0,4.23,2.38,0.02,0.255,,2.614,2.35,0.264,0,0.2,405,0,8.26,442.1,37.1,15.8,6.4,70.5,26.3,0.647,0.771,0.728,0.043,81.5,13,50.2,60.8,10.5,142.7,13.6,8.9
Gursky's,20-Jun-95,13:50:00,584.4306,951,32.29,29.1,526.6,0,15.51,3.19,0.192,2.06,0.01,3.601,3.21,0.391,0,0.18,432,0,7.73,451.1,19.1,16,6.3,71.9,28.6,0.891,1.03,0.995,0.035,80.3,13.6,51.7,62.1,9.5,235,24.7,18.6
Gursky's,12-Jul-95,15:50:00,7330.1,7780,37.05,30.226,,0,,6.82,L0.01!,0.052,,2.975,2.042,0.933,0,0.1,676,0,7.71,0,0,652,0,912,19.4,0.811,0.976,0.871,0.105,4772,150,178,241,8.5,167.5,19.6,42.1
Gursky's,25-Jul-95,11:30:00,603.4653,966,38.53,31.4,,0,,7.13,0.017,0,,3.83,2.42,1.41,0,0.09,444,0,8.03,0,0,16.8,0,74.8,32.9,0.81,1.04,0.913,0.127,80.6,13.9,53.3,64.6,5.9,144.8,24.6,38.1
Gursky's,14-Aug-95,17:00:00,542.0185,1004,45.3,32,,0,,13.3,0.029,0.159,,5.08,2.48,2.6,0,0.19,424,0,7.93,0,0,15.8,0,74.4,30.2,0.654,0.954,0.688,0.266,88.9,13.9,G55,64.1,6,128.9,21.6,163.2
Gursky's,28-Aug-95,15:00:00,538.99,974,44.1,29.6,505.9,20.4,4.07,14.5,L0.01!,0.038,0,4.82,2.39,2.43,0,0.19,449,17,8.32,453.4,4.4,15.8,6.2,72.4,30.9,0.349,1.02,0.692,0.328,74.2,13.9,G55,62.2,7,114,16.4,162.1
Gursky's,12-Sep-95,14:40:00,,,50.5,31.1,,,,19.4,L0.01!,0.022,0,5.41,2.27,3.14,0,,,,,,,,,,,0.636,1.01,0.69,0.32,,,,,7.2,156.3,21.7,141.9
Gursky's,17-Oct-95,14:15:00,,,42.1,27.4,,,,14.7,L0.01!,0.018,0,4.1,2.32,1.78,0,,,,,,,,,,,0.543,0.858,0.583,0.275,,,,,9.6,137.8,14.3,116.1
1A,09-May-96,11:23:00,661,992,15.95,15.2,137.7,0,9.54,0.75,L0.010,0.09,0,1.35,1.22,0.13,0,0.04,113,0,7.36,458,345,20.2,8.1,71.4,6.93,0.05,0.21,0.1,0.105,389,9.96,29.9,65.7,6.695,18.336,2.739,23.94
1A,10-Jun-96,15:20:00,918,1312,21.95,19.6,193.8,0,7.36,2.35,L0.010,0.27,0,2.01,1.56,0.45,0,0.1,159,0,7.62,659.9,500.9,28.3,8,104,8.72,0.05,0.18,0.11,0.07,538,13.4,37.4,92.8,6.133,86.642,14.126,40.12
1A,09-Jul-96,14:25:00,1250,1617,27.16,24.5,257.2,0,12.32,2.66,0.05,0.31,0,2.92,2.42,0.5,0,0.08,211,0,7.52,847.2,636.2,37.3,8.2,133,16.6,0.1,0.27,0.2,0.076,754,16.5,45.4,120,6.207,90.329,14.554,137.07
1A,13-Aug-96,13:35:00,1342,1742,26.78,25.2,273.1,0,10.14,1.58,0.2,2.36,0.01,3.65,3.42,0.23,0,0.05,224,0,7.63,936.4,712.4,41.4,8.3,148,26.5,0.21,0.34,0.29,0.05,792,18,49.6,131,8.12,81.554,10.043,3.2
1A,18-Sep-96,12:45:00,,1800,25.9,24.5,286.5,1.8,1.92,1.4,0.04,0.11,0.01,2.07,1.86,0.21,0,SusInt,238,1.5,8.37,961.1,723.1,43.4,8.4,154,9.58,0.07,0.16,0.12,0.039,813,19.2,52.8,131,7.815,92.645,11.855,2.98
1A,15-Oct-96,13:35:00,1425,1827,28.15,24.3,297.4,0,2.93,3.85,0.02,0.07,0,2.2,1.8,0.4,0,0.1,244,0,8.2,982.6,738.6,44.7,8.5,158,4.23,0.03,0.12,0.07,0.055,865,19.4,54.3,133,11.343,180.658,15.927,3.78
1B,09-May-96,11:45:00,655,991,16.28,14.7,137.7,0,9.99,1.58,L0.010,0.17,0,1.45,1.16,0.29,0,0.05,113,0,7.34,456.7,343.7,20.2,8.2,71.7,6.77,0.04,0.19,0.09,0.097,384,10.1,29.7,64.7,6.4,42.038,6.568,12.93
1B,10-Jun-96,15:00:00,917,1318,20.86,19.9,196.3,0,4.8,0.96,L0.010,0.19,0,1.73,1.52,0.21,0,0.09,161,0,7.81,666,505,28.5,8,105,8.75,0.06,0.14,0.12,0.024,534,13.5,37.4,93.6,5.28,102.696,19.448,14.74
1B,09-Jul-96,14:40:00,1222,1630,26.66,24.1,256,0,14.41,2.56,0.08,0.34,0,2.82,2.37,0.45,0,0.08,210,0,7.45,851.3,641.3,37.4,8.2,134,17.1,0.09,0.27,0.19,0.077,725,16.5,45.2,120,6.593,85.804,13.014,150.73
1B,13-Aug-96,13:15:00,1345,1742,26.04,25.4,268.2,0,10.19,0.64,0.22,2.26,0.01,3.54,3.42,0.12,0,0.04,220,0,7.62,938.2,718.2,41.2,8.2,146,26.5,0.2,0.29,0.28,0.017,796,17.7,50,135,6.314,97.768,15.485,2.48
1B,18-Sep-96,12:30:00,1383,1803,31.39,24.7,289.9,2.52,1.69,6.69,0.04,0.08,0.01,2.7,1.92,0.78,0,0.06,242,2.1,8.43,965.2,723.2,43.5,8.4,155,9.29,0.06,0.18,0.11,0.065,827,19.1,52.6,131,10.045,265.627,26.444,
1B,15-Oct-96,13:50:00,1430,1828,24.44,24.2,279.2,0,2.51,0.24,0.05,0.1,0,1.87,1.85,0.02,0,0.1,229,0,8.24,982.6,753.6,43.9,8.3,158,4.04,0.03,0.07,0.07,0.006,881,19.3,53.3,133,14.058,103.663,7.374,2.55
25,08-May-96,13:45:00,416,674,18.32,17.1,176.8,0,7.72,1.22,0.04,0.17,0,1.48,1.26,0.22,0,0.05,145,0,7.56,278.6,133.6,20.6,12.5,43.4,10.2,0.14,0.27,0.21,0.053,181,6.99,26.7,40,6.559,59.408,9.057,
25,10-Jun-96,16:00:00,677,1030,27.59,24.6,295,0,12.01,2.99,0.01,0.8,0.01,2.48,2.18,0.3,0,0.1,242,0,7.59,460.7,218.7,35.6,13.2,72.9,17.9,0.47,1.3,1.28,0.02,292,10.5,38.3,64.3,11.628,385.835,33.182,5.83
25,09-Jul-96,15:00:00,845,1215,30.03,26.3,336.4,0,13.08,3.73,0.01,1.98,0.01,3.44,3.01,0.43,0,0.09,276,0,7.61,557.2,281.2,45,13.8,89.5,24.3,0.65,0.76,0.7,0.056,391,11,42.9,75.6,10.215,171.902,16.828,1.7
25,13-Aug-96,14:10:00,974,1436,30.36,30,434,0,12.49,0.36,0.06,2.2,0.01,3.17,3.11,0.06,0,0.05,356,0,7.74,670.7,314.7,56.5,14.3,109,29.8,0.66,0.68,0.68,0.004,410,13.6,52.6,88.9,7.039,233.565,33.182,2.26
25,18-Sep-96,13:15:00,1148,1632,30.12,29.5,483.9,0,6.32,0.62,0.22,0.14,0.01,2.09,2.01,0.08,0,0.07,397,0,8.08,776.4,379.4,65.6,14.3,128,19,0.2,0.25,0.23,0.02,520,15.7,60.6,99.9,8.757,80.393,9.18,15.71
25,15-Oct-96,14:15:00,1226,1689,29.84,29.5,494.9,0,5,0.34,0.04,0.07,0,1.86,1.84,0.02,0,0.12,406,0,8.19,813,407,67.9,14.2,135,6.34,0.1,0.16,0.15,0.006,591,16,62.6,103,18.889,146.247,7.743,2.52
37,09-May-96,14:00:00,86,152,15.71,15.1,75.7,0,3.62,0.61,L0.010,0.01,0,1.02,0.92,0.1,0,0.02,62.1,0,7.52,55.3,0,0.3,0.9,6.16,6.69,0.05,0.1,0.09,0.008,6.1,2.57,15.1,12,7.361,197.434,26.822,
37,10-Jun-96,17:00:00,111,195,20.86,19.4,90.8,0,6.74,1.46,L0.010,0.08,0,1.44,1.24,0.2,0,0.06,74.5,0,7.33,76.6,2.1,0.24,0.5,9.57,15.1,0.01,0.09,0.05,0.039,5.3,2.79,18.4,14.9,8.474,96.616,11.401,12.98
37,09-Jul-96,15:30:00,163,257,27.54,21,147.5,0,8.69,6.54,L0.010,0.01,0,2.44,1.51,0.93,0,0.06,121,0,7.43,108.3,0,0.31,0.5,12.9,24,0.08,0.2,0.13,0.066,5.8,3.38,21.7,22.1,8.213,255.737,31.138,5.44
37,13-Aug-96,14:55:00,223,358,24.72,23.9,217,0,10.39,0.82,L0.010,0.09,0,1.7,1.58,0.12,0,0.03,178,0,7.52,160.7,0,0.22,0.2,17.8,27.8,0.17,0.26,0.24,0.018,5.2,2.34,27.9,35,8.299,117.285,14.133,115.55
37,18-Sep-96,13:45:00,238,417,27.87,24.8,249.9,0,15.43,3.07,L0.010,0.03,0,2.23,1.7,0.53,0,0.11,205,0,7.41,184.4,0,0.47,0.5,20.4,13.9,0,0.17,0.06,0.108,4.8,3.78,31.6,40.2,6.72,73.363,10.917,141
37,15-Oct-96,15:50:00,258,444,28.33,25.9,273.1,0,16.1,2.43,L0.010,0.05,0,1.99,1.68,0.31,0,0.09,224,0,7.43,198.4,0,0.93,0.8,21.8,13.1,0.01,0.18,0.07,0.119,5.1,5.96,32.7,43.5,9.087,52.701,5.8,59.21
50,09-May-96,14:16:00,753,1114,23.7,19.2,140.2,0,3.13,4.5,L0.010,0.08,0,1.66,1.13,0.53,0,0.04,115,0,7.85,441.8,326.8,60.4,21.8,81.9,11.5,0.01,0.1,0.06,0.046,448,16.7,23.5,41.9,9.962,252.473,25.343,2.88
50,10-Jun-96,16:30:00,1753,2393,49.3,31.4,313.3,0,13.06,17.9,L0.010,0.53,0,4.08,1.96,2.12,0,0.11,257,0,7.58,1131.1,874.1,154,22,219,11.8,0.07,0.42,0.13,0.283,1040,37.7,44.5,91.9,9.851,163.24,16.572,8.19
50,09-Jul-96,15:50:00,2263,2916,43.4,37.8,423,0,13.67,5.6,L0.010,0.36,0,3.18,2.6,0.58,0,0.07,347,0,7.69,1405.8,1058.8,196,22.5,279,11.5,0.18,0.39,0.29,0.098,1370,42.1,52.6,103,11.343,147.476,13.002,3.91
50,13-Aug-96,14:35:00,3273,3832,48.44,46.2,592.4,0,6.42,2.24,L0.010,0.11,0,2.41,2.14,0.27,0,0.06,486,0,8.16,1916.3,1430.3,285,23.6,386,9.48,0.11,0.24,0.19,0.047,2040,59.3,70.7,131,9.751,123.001,12.614,
50,18-Sep-96,14:10:00,4084,4767,52.9,50.7,729,0,9.09,2.2,L0.010,0.11,0,2.22,1.96,0.26,0,0.11,598,0,8.1,2501.6,1903.6,367,23.4,513,3.54,0.05,0.14,0.11,0.028,2520,77.1,88.2,156,9.948,202.78,20.383,21.42
50,15-Oct-96,15:30:00,4690,5166,53.04,52.3,720.4,0,6.94,0.74,L0.010,0.22,0,2.4,2.33,0.07,0,0.11,591,0,8.21,2815.5,2224.5,396,22.7,585,2.57,0.04,0.12,0.11,0.015,3010,85.5,93.4,163,11.667,127.321,10.913,5.99
60,09-May-96,14:39:00,102,173,21.49,21.1,88.7,0,10.95,0.39,L0.010,0.01,0,0.76,0.7,0.07,0,0.02,72.8,0,7.11,61.8,0,0.2,0.5,6.09,8.13,0.49,0.59,0.59,0.007,6.5,2.76,20.3,14.7,7.018,144.158,20.541,
60,11-Jun-96,09:00:00,135,232,27.38,26.6,112.3,0,16.28,0.78,L0.010,0.1,0,1.91,1.77,0.14,0,0.04,92.1,0,7.04,89.2,0,0.16,0.3,9.18,16.2,1.14,2.09,1.93,0.16,5.9,3.11,24.7,20.6,6.287,12.517,1.991,4.46
60,09-Jul-96,16:20:00,142,239,27.75,22.7,116,0,15.7,5.05,L0.010,0.02,0,2.58,1.72,0.86,0,0.03,95.2,0,7.07,91.7,0,0.23,0.4,8.98,21.5,1,1.3,1.06,0.24,5.1,2.94,23.9,21.9,6.875,54.305,7.899,43.61
60,13-Aug-96,15:25:00,185,302,34.6,23.4,162.1,0,23.5,11.2,L0.010,0.16,0,3.3,1.73,1.57,0,0.02,133,0,7.04,116.5,0,0.54,0.8,10.7,25.8,1.21,1.91,1.24,0.67,4.8,4.49,30.3,29,8.323,43.142,5.184,63.1
65,08-May-96,15:00:00,877,1306,16.99,16.3,241.4,0,5.64,0.69,L0.010,0.09,0,1.24,1.11,0.13,0,0.04,198,0,7.83,530.6,332.6,83.1,24.6,100,4.78,0,0.06,0.04,0.019,489,14.9,18.5,47.6,6.276,94.268,15.019,4.87
65,11-Jun-96,10:00:00,,,,73.9,,,,1.03,L0.010,0.27,,,3.38,0.19,,,,,,,,,,,,0.02,0.22,0.19,,,,,,6.291,NC,NC,3.1
65,10-Jul-96,10:30:00,1661,2280,30.64,28.5,469.3,0,14.15,2.14,L0.010,0.04,0,2.13,1.79,0.34,0,0.06,385,0,7.72,1037.1,652.1,160,24.5,200,13.9,0.01,0.09,0.06,0.026,913,27.1,30.5,85.6,7.387,212.422,28.758,12.34
65,14-Aug-96,09:15:00,2224,2794,30.67,30.4,603.4,0,5.42,0.27,L0.010,0.82,0.01,2.45,2.41,0.04,0,0.08,495,0,8.24,1323.5,828.5,209,24.9,259,16.7,0.01,0.08,0.06,0.019,1270,32,37.1,103,7.472,36.539,4.89,1.96
65,19-Sep-96,10:10:00,3947,4525,57.9,46.2,605.6,27.12,2.78,11.7,L0.010,0.08,0.01,4.16,2.76,1.4,0,0.05,542,22.6,8.56,2412.1,1870.1,358,23.9,504,6.26,0,0.18,0.07,0.111,2500,60.8,57.3,135,9.75,272.034,27.901,24.8
65,15-Oct-96,14:46:00,2672,3264,32.32,31.3,641,6.12,4.22,1.02,0.04,0.2,0,2.15,2.05,0.1,0,0.08,536,5.1,8.38,1622.7,1086.7,255,24.9,325,1.2,0.01,0.09,0.04,0.049,1570,41.8,43.6,114,12.143,53.723,4.424,3.29
66,08-May-96,15:17:00,16580,15382,62.75,55.3,355.9,0,12.05,7.45,L0.010,0.47,0,4.08,3.09,0.99,0,0.01,292,0,7.67,7452,7160,2380,40.5,1730,2.65,0.01,0.38,0.15,0.225,11600,433,127,132,8.815,85.454,9.694,8.74
66,11-Jun-96,10:10:00,1552,2105,27.59,26.8,358.4,0,8.57,0.79,L0.010,0.04,0,1.61,1.49,0.12,0,0.05,294,0,7.82,967,673,147,24.2,184,10.2,0,0.06,0.04,0.011,897,25.9,27.5,83.9,8.025,185.585,23.127,2.45
66,10-Jul-96,10:20:00,17282,16281,63.28,62.34,251.6,111.96,0.38,0.94,L0.010,0.06,0.01,4.26,4.09,0.17,0,L.01,393,93.3,9.23,8415.2,8022.2,2460,38.4,1950,1.29,0.02,0.18,0.15,0.035,11900,440,140,155,6.606,69.314,10.492,2.17
66,14-Aug-96,09:30:00,,19692,70.08,69.5,53.6,141.6,0.04,0.58,L0.010,0.1,0.04,3.73,3.64,0.09,0,SusInt,280,118,9.87,10756.9,10476.9,2980,37.1,2500,0.39,0.01,0.14,0.11,0.029,15700,577,176,186,7.729,51.884,6.713,1.21
66,19-Sep-96,10:00:00,26821,23249,100.9,84.1,700.9,45.6,3.11,16.8,L0.010,0.13,0,10.2,7.87,2.33,0,0.01,651,38,8.59,12966.4,12315.4,3640,37.4,3030,5.07,0.02,0.38,0.14,0.242,18600,730,228,197,8.412,179.165,21.299,32.24
66,15-Oct-96,15:00:00,,,,88.8,,,,3.85,L0.010,0.1,,,7.74,0.74,,,,,,,,,,,,0.02,0.32,0.17,,,,,,6.062,NC,NC,10.15
67,08-May-96,14:20:00,1833,2385,24.67,24.2,276.7,0,4.78,0.47,L0.010,0.1,0,1.71,1.62,0.09,0,0.04,227,0,7.96,1132.2,905.2,160,23,230,6.08,0,0.07,0.05,0.021,1170,27.8,28.4,74.2,6.382,57.147,8.954,6.58
67,11-Jun-96,09:45:00,2974,3475,37.8,37,444.9,0,9.92,0.8,L0.010,0.25,0,2.5,2.35,0.15,0,0.08,365,0,7.85,1775.9,1410.9,254,23.2,361,15.4,0.09,0.18,0.15,0.031,1920,47.2,40.8,116,6.409,66.769,10.418,1.11
67,10-Jul-96,10:10:00,,3615,,36.9,,,,2.88,L0.010,0.16,,,2.26,0.41,,,436,0,7.92,,,268,,379,17.3,0.08,0.22,0.18,,1960,45.3,45.2,120,8.136,NC,NC,3.98
67,14-Aug-96,09:00:00,3609,4153,46.07,45.7,604.6,0,6.4,0.37,0.02,0.56,0.01,2.91,2.83,0.08,0,0.06,496,0,8.17,2188.3,1692.3,323,23.8,446,17.4,0.05,0.14,0.12,0.023,2280,50.7,53,141,5.329,41.518,7.791,4.04
67,19-Sep-96,09:50:00,2620,3160,54.9,30.6,657,0,8.58,24.3,0.02,0.62,0.02,5.61,2.79,2.82,0,0.08,539,0,8.08,1545.2,1006.2,246,25.1,308,8.38,0.01,0.25,0.04,0.211,1540,40.8,42.1,111,10.053,297.224,29.565,4.32
67,15-Oct-96,14:30:00,4221,4676,51.64,51,592.4,35.4,2.2,0.64,L0.010,0.09,0,2.33,2.25,0.08,0,0.06,545,29.5,8.66,2517.6,1972.6,374,23.9,526,0.9,0,0.07,0.05,0.013,2730,62.7,58.9,141,9.855,127.453,12.933,2.76
86,09-May-96,10:25:00,140,250,12.09,11.8,124.3,0,4.51,0.29,L0.010,0.02,0,0.9,0.85,0.05,0,0.04,102,0,7.64,110.3,8.3,1.29,2.2,10,14.1,0.22,0.33,0.29,0.035,12,3.05,10.9,27.7,6.86,21.679,3.16,0.8
86,11-Jun-96,12:15:00,207,366,18.48,17.6,201.1,0,11.59,0.88,L0.010,0.12,0,1.42,1.28,0.14,0,0.07,165,0,7.44,175.3,10.3,1.63,1.8,17.1,20.6,0.51,0.66,0.54,0.114,7.1,3.68,15.4,42,7.397,19.809,2.678,6.33
86,10-Jul-96,09:55:00,199,369,28.22,19.6,207.2,0,32.94,8.62,L0.010,0.02,0,2.57,1.5,1.07,0,0.06,170,0,7,180,10,1.45,1.6,18,12.9,0.5,0.92,0.59,0.329,5.1,2.31,14.8,42.4,9.399,67.619,7.195,51.19
86,14-Aug-96,10:50:00,217,413,28.87,21.1,254.8,0,16.86,7.77,L0.010,0.04,0,2.53,1.3,1.23,0,0.09,209,0,7.38,201.1,0,1.69,1.6,21,0.96,0.2,1.29,0.28,1.013,4.3,2.15,15.8,45.9,7.37,19.796,2.686,147.92
86,19-Sep-96,09:25:00,259,456,19.52,19.1,308.4,0,18.6,0.42,L0.010,0.02,0,1.46,1.39,0.07,0,0.05,253,0,7.42,223,0,2.17,1.8,24.2,0.51,0.11,0.21,0.16,0.047,4.7,3.99,21.8,49.4,7.206,23.063,3.201,5.4
86,16-Oct-96,09:50:00,288,527,23.28,21.1,331.6,0,25.78,2.18,L0.010,0.03,0,1.71,1.34,0.37,0,0.11,272,0,7.31,251.8,0,2.41,1.8,26.6,1.81,0.09,0.35,0.15,0.197,4.6,5.23,26.7,57,6.837,28.559,4.177,30.32
90,09-May-96,10:00:00,3028,3677,31.88,30.7,308.4,0,10.93,1.18,L0.010,0.2,0,1.8,1.58,0.22,0,0.05,253,0,7.65,1735.2,1482.2,292,26,373,8.95,0.01,0.07,0.05,0.024,2000,67.8,54.8,79.9,6.403,126.891,19.817,5.34
90,11-Jun-96,11:55:00,6152,6752,56.2,55.8,566.8,0,14.87,0.4,L0.010,0.08,0,1.9,1.84,0.06,0,0.1,465,0,7.78,3648.7,3183.7,603,25.8,788,0.7,0.02,0.06,0.06,0.006,4080,135,104,162,7.631,171.625,22.49,3.38
90,10-Jul-96,09:30:00,6452,7236,56.94,56.2,590.5,11.16,4.67,0.74,L0.010,0.07,0,3.44,3.33,0.11,0,0.05,503,9.3,8.31,3881,3378,648,26,842,0.34,0.01,0.07,0.05,0.017,4240,142,112,166,7.94,111.583,14.054,1.43
90,14-Aug-96,10:20:00,9559,9671,71.23,70.9,877.7,0,8.66,0.33,L0.010,0.12,0,3.61,3.55,0.06,0,0.09,720,0,8.2,5456,4736,966,27.1,1210,0.86,0.01,0.06,0.05,0.016,6390,204,166,190,6.979,53.068,7.604,5.91
90,18-Sep-96,15:05:00,11972,11531,80.63,80,1013.2,14.28,7.4,0.63,L0.010,0.09,0,7.57,7.48,0.09,0,0.07,855,11.9,8.34,6785.9,5930.9,1180,26.7,1530,0.54,0.01,0.07,0.05,0.021,8090,259,204,195,8.027,77.794,9.691,5.27
90,16-Oct-96,09:35:00,,,,90.4,,,,2.34,L0.010,0.17,,,3.94,0.29,,,,,,,,,,,,0.01,0.1,0.07,,,,,,9.512,NC,NC,11.13
109,09-May-96,13:26:00,157,272,16.4,16,134.1,0,7.04,0.4,L0.010,0.05,0,1.25,1.19,0.06,0,0.04,110,0,7.48,108.4,0,0.89,1.4,10.5,12.7,0.73,0.81,0.8,0.013,16,3.95,21.2,26.1,7.87,79.013,10.04,0.85
109,11-Jun-96,10:55:00,196,346,24.9,22.4,165.8,0,15.51,2.5,L0.010,0.05,0,1.85,1.52,0.33,0,0.06,136,0,7.23,154.3,18.3,0.82,1,15.4,20.4,1.8,2.02,1.97,0.05,13.6,3.75,24.3,36.4,8.947,129.042,14.423,7.27
109,10-Jul-96,08:45:00,185,316,24.87,17.5,170.7,0,5.78,7.37,L0.010,0.05,0,2.31,1.42,0.89,0,0.07,140,0,7.67,143,3,1.05,1.4,12.6,19.6,1.2,1.58,1.27,0.31,9.9,2.9,17.9,36.5,9.629,61.357,6.372,29.81
109,14-Aug-96,11:15:00,219,395,23.99,21.9,223.1,0,25.68,2.09,L0.010,0.05,0,2.14,1.74,0.4,0,0.08,183,0,7.14,182.6,0,1.32,1.3,16.1,13.1,1.19,1.38,1.2,0.18,6.7,3.68,21.9,46.6,6.066,29.966,4.94,108.9
109,18-Sep-96,14:40:00,210,395,22.32,18.9,218.2,0,50.16,3.42,L0.010,0.03,0,2.07,1.42,0.65,0,0.08,179,0,6.84,163.2,0,1.58,1.7,14.9,6.71,0.61,1.01,0.72,0.289,5.4,5.77,27.8,40.8,6.101,30.541,5.006,212.52
109,16-Oct-96,10:05:00,221,402,32.2,20.6,230.4,0,30.46,11.6,L0.010,0.05,0,3.05,1.52,1.53,0,0.1,189,0,7.08,166.5,0,1.72,1.8,16.3,4.11,0.72,1.42,0.83,0.589,5.4,7.13,32.6,39.8,8.845,50.828,5.746,256.68
4857,08-May-96,12:45:00,355,601,17.68,14.9,178,0,8.14,2.78,0.03,0.25,0,1.63,1.18,0.45,0,0.07,146,0,7.54,260,114,13.7,9.4,41.8,6.74,0.11,0.28,0.17,0.117,138,9.81,21.8,35.2,7.207,61.322,8.508,29.47
4857,10-Jun-96,14:25:00,600,953,23.6,23,334,0,6.95,0.6,L0.010,0.14,0,1.79,1.69,0.1,0,0.13,274,0,7.88,449.5,175.5,24,9.6,73.7,11.4,0.26,0.35,0.37,0.004,219,15.5,33.8,58.5,6.828,385.189,56.41,13.24
4857,09-Jul-96,14:00:00,610,968,23.55,22.8,345,0,7.69,0.75,L0.010,0.23,0,1.91,1.8,0.11,0,0.11,283,0,7.85,454.1,171.1,25.2,9.9,75,14.2,0.27,0.38,0.35,0.025,217,15.4,34.7,58.2,8.113,77.528,9.556,1.16
4857,13-Aug-96,12:50:00,677,1052,27.75,26.8,370.8,18.48,1.38,0.95,L0.010,0.05,0.01,1.97,1.78,0.19,0,0.12,335,15.4,8.65,510.7,175.7,28.9,10.1,84.5,11.5,0.28,0.4,0.38,0.024,230,16.6,39.4,65.2,5.689,101.728,17.881,1.13
4857,18-Sep-96,12:10:00,759,1157,31.44,27.2,442.5,7.2,2.07,4.24,L0.010,0.08,0.01,2.27,1.86,0.41,0,0.08,375,6,8.53,567.5,192.5,32.2,10.1,94,14.6,0.28,0.41,0.33,0.077,258,19.5,43.3,72.3,12.036,142.113,11.808,4.63
4857,15-Oct-96,13:20:00,758,1139,31.38,27.9,402.3,21.6,1.1,3.48,L0.010,0.06,0,2.19,1.81,0.38,0,0.15,366,18,8.78,575.3,209.3,32.4,10.1,96.3,6.48,0.21,0.35,0.28,0.079,269,20.4,42.4,71.6,10.573,113.687,10.753,6.62
6642,09-May-96,09:20:00,351,580,18.33,18.1,223.1,0,5.33,0.23,L0.010,0.1,0,1.39,1.35,0.04,0,0.07,183,0,7.82,275.7,92.7,8.36,5.8,37.5,14.9,0.08,0.15,0.15,0.004,109,5.02,17.3,48.6,6.25,145.172,23.228,1.48
6642,11-Jun-96,11:25:00,514,869,28.83,28.4,308.4,0,10.68,0.43,L0.010,0.15,0,2.06,1.99,0.07,0,0.13,253,0,7.66,441.8,188.8,15.8,6.8,65.1,7.15,0.38,0.67,0.59,0.075,176,6.62,21.8,69.6,6.716,14.659,2.183,3.46
6642,10-Jul-96,09:00:00,551,900,30.96,29.7,420.6,0,13.28,1.26,L0.010,0.06,0,2.26,2.1,0.16,0,0.11,345,0,7.7,463.1,118.1,17.7,7.3,69.3,14,0.63,0.74,0.71,0.036,144,6.58,21.3,71.2,9.13,90.329,9.893,8.26
6642,14-Aug-96,09:55:00,699,1078,41.65,39.7,571.7,0,18.47,1.95,L0.010,0.05,0,2.84,2.49,0.35,0,0.14,469,0,7.69,575.9,106.9,22.9,7.5,87.9,22,0.86,1.12,1,0.124,162,9.4,28,85.7,6.594,40.586,6.155,65.07
6642,19-Sep-96,09:10:00,807,1242,43.19,39.6,598.5,0,18.04,3.59,0.03,2.58,0.04,5.86,5.5,0.36,0,0.1,491,0,7.72,677.6,186.6,27.3,7.7,104,15.2,0.12,0.28,0.19,0.095,225,11.4,28.9,99.9,11.667,97.528,8.36,7.64
6642,16-Oct-96,09:10:00,855,1323,61.8,42.2,574.1,0,10.63,19.6,0.25,2.58,0.02,7.24,5.26,1.98,0,0.18,471,0,7.93,705.9,234.9,29.3,7.9,109,13.5,0.03,0.26,0.07,0.188,277,11.7,28,103,11.549,269.066,23.298,4.28
Gursky,11-Jun-96,12:45:00,514,849,29.85,26.1,464.4,0,6.21,3.75,0.01,0.13,0,2.4,1.88,0.52,0,0.17,381,0,8.07,402.4,21.4,13.5,6,62.8,23.7,0.61,0.75,0.65,0.091,70.2,11.7,45.7,57.6,8.397,106.353,12.665,29.25
Gursky,10-Jul-96,11:05:00,531,865,33.77,28.7,474.2,0,8.99,5.07,0.04,0.14,0,2.86,2.21,0.65,0,0.12,389,0,7.92,410.4,21.4,13.8,6,63.9,27.3,0.71,1.17,1.04,0.13,75.4,11.4,46.8,59,9.156,100.653,10.993,49.62
Gursky,13-Aug-96,15:55:00,536,902,33.45,27.7,484.4,10.56,3.27,5.75,L0.010,0.05,0,3.06,2.05,1.01,0,0.14,415,8.8,8.38,427.6,12.6,14.4,6,67.1,15.6,0.65,0.94,0.7,0.233,67.6,12.2,49.6,60.6,6.642,63.69,9.589,112.22
Gursky,18-Sep-96,15:40:00,566,928,31.71,26.2,516.9,0,7.95,5.51,0.49,0.36,0.01,3.88,3.07,0.81,0,0.14,424,0,8.01,450.6,26.6,14.8,5.9,69.9,20.6,0.55,0.74,0.63,0.107,76.2,12.9,50.1,65.2,7.966,132.901,16.684,79.71
Gursky,15-Oct-96,16:20:00,562,928,32.32,26.8,513.2,0,4.1,5.52,0.18,0.06,0,3.08,2.2,0.88,0,0.18,421,0,8.29,447.1,26.1,14.9,5.9,70.5,22.8,0.32,0.57,0.42,0.146,73.3,12.6,51.7,62.8,7.36,97.577,13.258,111.55
