Pond,Date,Time,Temp_degC,DO_mg.L,Depth_m,SPC_uS.cm,pH,Redox_mV,DO_perc,Sal_ppt,,
1,1993-05-20,12:58:00,14.69,11.25,0,2.03,8.05,446,117.8,1.1,,
1,1993-05-20,,14.64,11.2,-0.5,2.02,8.06,445,117.3,1.1,,
1,1993-05-20,,14.54,11.4,-1,2.02,8.07,445,119.4,1.1,,
1,1993-05-20,13:01:00,13.5,9.45,-1.6,2.1,7.75,450,98.5,1.1,,
25,1993-05-20,13:58:00,17.15,7.17,0,1.23,7.57,402,78.9,0.6,,
25,1993-05-20,,17.22,7.03,-0.1,1.22,7.57,401,77.5,0.6,,
25,1993-05-20,14:04:00,16.34,6.91,-0.4,1.49,7.55,401,74.8,0.8,, 
50,1993-05-20,14:18:00,19.07,3.42,-0.1,3.22,7.38,385,39.5,1.7,,
65,1993-05-20,13:22:00,15.66,7.04,0,3.35,7.76,423,75.6,1.8,,
65,1993-05-20,,15.66,7.19,-0.2,3.35,7.8,419,77.3,1.8,,
65,1993-05-20,13:27:00,15.62,7.23,-0.5,3.35,7.8,419,77.7,1.8,,
66,1993-05-20,13:35:00,23.66,9.44,0,43,8.16,399,139.3,27.7,,
4857,1993-05-20,12:32:00,14.67,8.5,0,0.19,7.61,462,90,0.1,,
4857,1993-05-20,,14.77,8.58,-0.2,0.59,7.66,463,89.5,0.3,,
4857,1993-05-20,12:40:00,14.74,8.53,-0.7,0.59,7.66,464,88.9,0.3,,
Gursky,1993-05-20,11:58:00,14.3,8.2,0,0.79,8.07,479,84.6,0.4,,
Gursky,1993-05-20,,14.06,8.1,-1,0.79,8.09,478,83.3,0.4,,
Gursky,1993-05-20,,13.98,8.01,-2,0.79,8.1,478,82.2,0.4,,
Gursky,1993-05-20,12:01:00,13.4,4.5,-2.7,0.8,8,481,46.5,0.4,,
1,1993-05-27,15:55:00,13.02,10.43,0,2.08,8.19,532,105.4,1.1,,
1,1993-05-27,,13.31,10.58,0.5,2.1,8.22,527,107.5,1.1,,
1,1993-05-27,,12.67,10.38,1,2.09,8.21,517,104,1.1,,
1,1993-05-27,,12.39,12.42,1.5,2.07,8.28,513,123.7,1.1,,
25,1993-05-27,12:00:00,10.73,8,0,1.54,7.75,293,76.6,0.8,,
25,1993-05-27,,10.75,7.99,0.1,1.56,7.75,245,76.5,0.8,,
25,1993-05-27,,10.76,8.02,0.2,1.56,7.76,296,76.8,0.8,,
25,1993-05-27,,10.74,8.02,0.3,1.56,7.76,297,76.7,0.8,,
25,1993-05-27,,10.75,8.01,0.4,1.56,7.76,299,76.7,0.8,,
37,1993-05-27,12:45:00,15.36,4.76,0,0.83,7.12,259,50.4,0.4,,
50,1993-05-27,13:15:00,13.47,4.08,0.1,3.65,7.42,346,41.8,2,,
60,1993-05-27,16:56:00,22.34,8.72,0,0.43,7.04,461,106.1,0.2,,
65,1993-05-27,16:35:00,12.53,8.41,0,3.5,7.94,548,84.5,1.9,,
65,1993-05-27,,12.56,8.34,0.3,3.51,7.93,548,83.8,1.9,,
65,1993-05-27,,12.56,8.28,0.6,3.51,7.94,547,83.2,1.9,,
66,1993-05-27,17:16:00,21.49,13.41,0,46.5,8.58,426,192.8,30.3,,
67,1993-05-27,17:38:00,17.25,9.15,0,6.01,8.11,286,102.8,3.3,,
67,1993-05-27,,16.4,8.13,0.2,6.07,8,285,89.7,3.4,,
86,1993-05-27,11:38:00,11.94,4.8,0,0.33,7.05,294,47,0.2,,
86,1993-05-27,,9.96,4.34,0.1,0.34,6.96,288,40.6,0.2,,
86,1993-05-27,,9.43,3.87,0.3,0.34,6.91,275,35.7,0.2,,
87,1993-05-27,11:25:00,11.61,7.12,0.1,0.4,6.93,279,69.3,0.2,,
90,1993-05-27,11:13:00,15.26,9.9,0.1,17.1,7.7,248,111.2,10,,
4857,1993-05-27,15:20:00,11.92,8.8,0,0.6,7.81,519,86.3,0.3,,
4857,1993-05-27,,11.89,8.76,0.3,0.62,7.82,522,85.8,0.3,,
4857,1993-05-27,,11.83,8.8,0.6,0.62,7.83,525,86.1,0.3,,
4857,1993-05-27,,11.88,8.63,0.9,0.62,7.85,470,84.5,0.3,,
Gursky,1993-05-27,14:00:00,12.55,7.54,0,0.81,8.01,520,75,0.4,,
Gursky,1993-05-27,,12.46,7.47,0.5,0.81,8.02,519,74.2,0.4,,
Gursky,1993-05-27,,12.45,7.44,1,0.81,8.03,519,73.9,0.4,,
Gursky,1993-05-27,,12.43,7.42,1.5,0.81,8.03,518,73.6,0.4,,
Gursky,1993-05-27,,12.42,7.39,2,0.81,8.03,518,73.3,0.4,,
Gursky,1993-05-27,,12.45,7.41,2.2,0.81,8.04,517,73.5,0.4,,
1,1993-06-09,12:38:00,19.87,12.31,0,2.12,8.81,393,145.3,1.1,,
1,1993-06-09,,19.89,12.2,0.3,2.13,8.82,392,144,1.1,,
1,1993-06-09,,19.91,12.13,0.6,2.14,8.82,392,143.3,1.1,,
1,1993-06-09,,19.93,12.35,0.9,2.13,8.83,392,146,1.1,,
1,1993-06-09,,19.92,12.55,1.3,2.13,8.85,392,148.4,1.1,,
65,1993-06-09,13:57:00,20,6.75,0,3.71,7.93,357,80.4,2,,
65,1993-06-09,,20.01,6.7,0.3,3.71,7.94,358,79.8,2,,
65,1993-06-09,,20.02,6.68,0.5,3.72,7.94,360,79.5,2,,
67,1993-06-09,13:33:00,21.71,5.46,0.1,7.18,8.04,359,68,4,,
67,1993-06-09,,21.11,3.65,0.2,7.22,7.99,235,45,4,,
86,1993-06-09,14:37:00,20.29,3.91,0,0.35,6.89,317,46.2,0.2,,
86,1993-06-09,,18.64,2.66,0.1,0.36,6.83,320,30.5,0.2,,
86,1993-06-09,,17.82,1.9,0.2,0.36,6.71,319,21.4,0.2,,
4857,1993-06-09,11:52:00,19.26,7.42,0,0.66,7.77,439,86.1,0.3,,
4857,1993-06-09,,19.25,7.39,0.2,0.66,7.77,43.9,85.7,0.3,,
4857,1993-06-09,,19.24,7.38,0.4,0.66,7.77,438,85.6,0.3,,
4857,1993-06-09,,19.23,7.32,0.7,0.64,7.77,436,84.8,0.3,,
4857,1993-06-09,,19.22,7.23,0.8,0.66,7.77,370,83.8,0.3,,
Gursky,1993-06-09,10:42:00,17.68,8.69,0,0.81,8.11,402,97.7,0.4,,
Gursky,1993-06-09,,17.66,8.63,0.5,0.83,8.12,404,97,0.4,,
Gursky,1993-06-09,,17.63,8.59,1,0.83,8.13,407,96.5,0.4,,
Gursky,1993-06-09,,17.53,8.62,1.5,0.83,8.13,409,96.6,0.4,,
Gursky,1993-06-09,,17.34,7.33,2,0.83,8.14,412,81.8,0.4,,
Gursky,1993-06-09,,15.85,3.46,2.5,0.84,7.94,422,37.4,0.4,,
25,1993-06-10,16:19:00,21.03,8.62,0,1.75,7.5,338,104.2,0.9,,
25,1993-06-10,,21.03,8.21,0.1,1.71,7.51,346,99.2,0.9,,
25,1993-06-10,,20.96,7.9,0.2,1.79,7.49,344,95.4,1,,
50,1993-06-10,17:54:00,25.5,6.57,0.1,2.1,7.72,380,86.6,1.1,,
90,1993-06-10,15:16:00,27.04,14.15,0,7.22,8.31,253,196.9,4,,
1,1993-06-23,12:28:00,17.5,12.33,0,2.26,10.95,178,139.1,1.2,,
1,1993-06-23,,17.52,12.33,0.1,2.27,9.84,236,139.1,1.2,,
1,1993-06-23,,17.54,12.32,0.2,2.27,11.39,152,139.1,1.2,,
1,1993-06-23,,17.55,12.35,0.3,2.27,10.23,243,139.4,1.2,,
1,1993-06-23,,17.55,12.35,0.4,2.27,9.6,244,139.4,1.2,,
25,1993-06-23,14:29:00,17.5,12.08,0,1.84,7.61,353,136,1,,
25,1993-06-23,,17.54,12.19,0.2,1.84,10.44,207,137.4,1,,
50,1993-06-23,14:53:00,21.2,12.74,0,5.84,13.46,33,156.9,3.2,,
65,1993-06-23,14:01:00,17.06,10.22,0.1,4,7.62,300,115,2.2,,
65,1993-06-23,,17.06,10.17,0.2,4,7.66,307,114.4,2.2,,
65,1993-06-23,,17.06,10.15,0.2,4.01,8.41,217,114.2,2.2,,
65,1993-06-23,,17.06,10.14,0.3,4.01,7.22,335,114.1,2.2,,
65,1993-06-23,,17.06,10.07,0.4,4.02,7.5,278,113.4,2.2,,
67,1993-06-23,13:11:00,17.98,9.81,0.2,8.25,9.84,263,114.2,4.6,,
86,1993-06-23,15:12:00,17.39,4.57,0,0.38,7.32,275,51,0.2,,
86,1993-06-23,,17.37,4.4,0.1,0.38,7.27,290,49.1,0.2,,
90,1993-06-23,15:38:00,21.55,12.16,0.1,18.9,8.95,59,158.4,11.2,,
4857,1993-06-23,11:50:00,15.84,8.83,0,0.68,8.82,273,95.6,0.3,,
4857,1993-06-23,,15.86,8.75,0.1,0.73,9.93,203,94.8,0.4,,
4857,1993-06-23,,15.87,8.76,0.2,0.73,9.11,243,95,0.4,,
4857,1993-06-23,,15.87,8.69,0.3,0.73,8.85,282,94.2,0.4,,
4857,1993-06-23,,15.86,8.66,0.4,0.73,8.44,301,93.9,0.4,,
4857,1993-06-23,,15.84,8.66,0.5,0.73,8.36,304,93.8,0.4,,
4857,1993-06-23,,15.81,8.63,0.6,0.73,7.93,333,93.4,0.4,,
4857,1993-06-23,,15.84,8.59,0.7,0.73,8.14,317,93,0.4,,
Gursky,1993-06-25,13:34:00,14.48,8.07,0.2,0.87,8.26,360,83.8,0.5,,
Gursky,1993-06-25,13:35:00,14.48,7.99,0.7,0.87,8.27,359,83,0.5,,
Gursky,1993-06-25,13:35:00,14.48,7.96,0.6,0.87,8.26,361,82.7,0.5,,
Gursky,1993-06-25,13:35:00,14.48,7.94,0.8,0.87,8.28,359,82.4,0.5,,
Gursky,1993-06-25,13:35:00,14.48,7.94,1,0.87,8.29,359,82.4,0.5,,
Gursky,1993-06-25,13:36:00,14.48,7.92,1.3,0.87,8.29,359,82.2,0.5,,
Gursky,1993-06-25,13:36:00,14.48,7.91,1.4,0.87,8.29,359,82.1,0.5,,
Gursky,1993-06-25,13:36:00,14.46,7.89,1.6,0.87,8.28,360,81.9,0.5,,
Gursky,1993-06-25,13:36:00,14.48,7.87,1.8,0.87,8.31,359,81.7,0.5,,
Gursky,1993-06-25,13:36:00,14.46,7.87,2,0.87,8.32,358,81.7,0.5,,
1,1993-07-08,16:21:00,20.84,15.33,0,2.12,9.57,98,1.1,182.3,,
1,1993-07-08,,20.66,15.69,0.2,2.14,8.3,176,1.1,186,,
1,1993-07-08,,20.04,15.82,0.5,2.15,8.29,158,1.1,185.2,,
25,1993-07-08,18:41:00,22.12,13.17,0,1.64,8.59,246,160.3,0.9,,
25,1993-07-08,,22.1,12.69,0.3,1.64,8.28,2.44,154.5,0.9,,
50,1993-07-08,18:25:00,23.68,5.58,0.1,4.13,7.13,261,70.6,2.3,,
60,1993-07-08,18:57:00,22.17,3.21,0,0.11,7.02,245,38.9,0,,
65,1993-07-08,17:20:00,22.37,8.01,0,3.39,8.19,163,1.8,98.6,,
65,1993-07-08,,20.63,6.24,0.3,3.37,8.06,173,1.8,74.2,,
65,1993-07-08,,19.88,5.59,0.6,3.43,8.01,147,1.9,65.5,,
66,1993-07-08,17:05:00,29.39,,0.2,21.3,9.25,204,12.8,,,
67,1993-07-08,15:48:00,25.5,9.78,0,5.02,8.75,217,2.8,127.9,,
67,1993-07-08,,23.57,10.58,0.2,5.97,7.81,107,3.3,126.5,,
86,1993-07-08,18:08:00,20.59,4.61,0,0.34,7.14,214,54.2,0.2,,
86,1993-07-08,,17.47,1.09,0.3,0.36,6.92,169,12.1,0.2,,
90,1993-07-08,17:50:00,23.5,6.5,0,3.35,7.69,209,2.9,82.3,,
4857,1993-07-08,15:12:00,21.45,10.65,0,0.72,8.13,249,0.4,127.8,,
4857,1993-07-08,,21.45,10.61,0.3,0.71,8.44,245,0.4,127.2,,
4857,1993-07-08,,21.45,9.96,0.6,0.72,8.09,186,0.4,117.4,,
Gursky,1993-07-08,14:30:00,19.79,15.68,0,0.81,8.75,256,0.4,182.2,,
Gursky,1993-07-08,,19.84,16.3,1,0.81,8.74,260,0.4,190.1,,
Gursky,1993-07-08,,19.33,14.94,1.5,0.82,8.74,272,0.4,177.3,,
Gursky,1993-07-08,,17.44,10.17,1.7,0.84,8.65,282,0.4,112.3,,
Gursky,1993-07-08,,16.39,11.65,2,0.84,8.49,279,0.4,123.8,,
Gursky,1993-07-08,,15.11,3.85,2.5,0.86,7.28,344,0.4,33.2,,
25,1993-07-21,15:17:00,20.54,11.29,0,1.7,8.02,323,133.7,0.9,,
25,1993-07-21,,19.53,11.52,0.3,1.7,8.06,270,133.7,0.9,,
25,1993-07-21,,18.8,11.11,0.5,1.72,8.03,262,127.1,0.9,,
50,1993-07-21,15:38:00,22.35,11.41,0,4.38,7.46,312,141.4,2.4,,
50,1993-07-21,,19.69,5.2,0.2,4.79,6.88,236,61.3,2.6,,
90,1993-07-21,16:19:00,23.93,9.9,0,6.32,7.94,279,127.3,3.5,,
90,1993-07-21,,22.83,7.23,0.1,7.44,7.52,229,91.4,4.1,,
Gursky,1993-07-21,14:08:00,19.26,10.59,0,0.82,8.55,317,121.9,0.4,,
Gursky,1993-07-21,,19.19,10.04,0.5,0.83,8.57,320,119.5,0.4,,
Gursky,1993-07-21,,19.12,10.25,0.9,0.83,8.59,325,117.7,0.4,,
Gursky,1993-07-21,,18.93,9.82,1.5,0.83,8.58,330,112.3,0.4,,
Gursky,1993-07-21,,18.81,9.14,2,0.83,8.58,331,104.3,0.4,,
Gursky,1993-07-21,,18.83,8.78,2.4,0.83,8.57,333,100.2,0.4,,
1,1993-07-22,18:05:00,20.38,10.8,0,2.11,8.89,215,127.8,1.1,,
1,1993-07-22,,20.24,10.82,0.2,2.14,8.91,186,127.7,1.1,,
1,1993-07-22,,20.05,10.22,0.5,2.14,8.87,152,120,1.1,,
65,1993-07-22,16:07:00,20.71,8.14,0,3.47,8.04,229,97.4,1.9,,
65,1993-07-22,,20.09,5.29,0.3,3.52,7.94,198,62.5,1.9,,
65,1993-07-22,,19.79,4.85,0.6,3.49,7.84,150,53.9,1.9,,
66,1993-07-22,15:49:00,21.73,8.06,0,23.1,9.35,285,105.9,13.9,,
67,1993-07-22,16:53:00,22.03,9.33,0,5.42,8.09,281,115.3,3,,
67,1993-07-22,,21.03,7.97,0.3,5.94,7.97,181,77.5,3.3,,
86,1993-07-22,15:13:00,18.49,2.67,0,0.35,6.72,274,30.2,0.2,,
86,1993-07-22,,17.15,0.8,0.3,0.37,6.54,257,8.8,0.2,,
4857,1993-07-22,17:27:00,20.17,10.04,0,0.74,8.2,282,117.7,0.4,,
4857,1993-07-22,,20.17,9.93,0.3,0.76,8.2,284,116.3,0.4,,
4857,1993-07-22,,20.12,9.48,0.5,0.76,8.16,272,111,0.4,,
4857,1993-07-22,,19.45,4.45,0.9,0.78,7.74,111,51.4,0.4,,
1,1993-08-04,16:31:00,22.01,14.92,0.1,2.2,9.18,294,182.2,1.2,,
1,1993-08-04,,20.63,13.77,0.3,2.23,8.87,304,163.7,1.2,,
1,1993-08-04,,20.19,13.6,0.5,2.22,8.83,300,160.3,1.2,,
1,1993-08-04,,18.39,10.77,0.8,2.27,8.65,249,122.5,1.2,,
25,1993-08-04,15:24:00,21.15,12.42,0.1,1.76,8.36,288,148.9,0.9,,
25,1993-08-04,,17.37,3.63,0.5,1.83,7.51,296,40.4,1,,
50,1993-08-04,16:05:00,19.38,2.27,0.1,4.96,7.3,350,26.6,2.7,,
65,1993-08-04,15:18:00,19.05,7.44,0.1,3.73,7.97,238,86.2,2,,
65,1993-08-04,,17.88,5.62,0.4,3.71,7.79,173,63.5,2,,
65,1993-08-04,,17.47,5.11,0.7,3.78,7.75,147,57.3,2.1,,
66,1993-08-04,15:05:00,23.7,13.02,0.2,30.6,9.68,286,183,19,,
67,1993-08-04,14:43:00,21.24,8.37,0.1,2.34,7.99,282,100.7,1.3,,
67,1993-08-04,,19.76,6.7,0.3,6.45,7.9,227,79.6,3.6,,
86,1993-08-04,17:35:00,18.51,4.44,0.1,0.38,7.05,317,50.3,0.2,,
86,1993-08-04,,14.39,1.72,0.3,0.4,6.89,315,17.8,0.2,,
90,1993-08-04,17:10:00,20.42,9.36,0.2,8.73,7.64,107,113.5,4.9,,
4857,1993-08-04,14:26:00,19.78,11.78,0.1,0.8,8.52,320,137,0.4,,
4857,1993-08-04,,19.47,12.04,0.4,0.8,8.52,316,139.1,0.4,,
4857,1993-08-04,,19.09,11.28,0.7,0.8,8.46,301,129.4,0.4,,
Gursky,1993-08-04,18:23:00,19.14,5.58,0.1,0.82,8.39,314,64.1,0.4,,
Gursky,1993-08-04,,19.16,5.48,0.4,0.83,8.39,314,63,0.4,,
Gursky,1993-08-04,,19.1,5.15,0.7,0.83,8.39,314,59.1,0.4,,
Gursky,1993-08-04,,18.61,3.46,1.1,0.83,8.31,317,39.3,0.4,,
Gursky,1993-08-04,,18.51,3.16,1.4,0.83,8.3,317,35.9,0.4,,
Gursky,1993-08-04,,18.08,2.4,1.6,0.83,8.26,319,26.9,0.4,,
Gursky,1993-08-04,,17.94,2.01,1.9,0.83,8.25,320,22.5,0.4,,
Gursky,1993-08-04,,17.76,1.47,2.2,0.83,8.23,320,16.4,0.4,,
Gursky,1993-08-04,,17.54,0.88,2.5,0.84,8.21,321,9.8,0.4,,
Gursky,1993-08-04,,17.4,0.24,2.7,0.84,8.17,320,2.7,0.4,,
1,1993-08-18,12:40:00,17.71,5.72,0,2.17,8.03,440,64,1.2,,
1,1993-08-18,,17.59,5.64,0.2,2.21,8.09,435,63,1.2,,
1,1993-08-18,,17.49,5.5,0.6,2.2,8.1,433,61.3,1.2,,
1,1993-08-18,,17.49,5.38,0.7,2.26,8.1,431,59.9,1.2,,
25,1993-08-18,15:02:00,18.76,9.31,0,1.77,7.88,321,106.2,0.9,,
25,1993-08-18,,17.35,5.08,0.4,1.82,7.59,332,56.3,1,,
50,1993-08-18,15:38:00,19.07,4.28,0,4.58,7.28,390,49.7,2.5,,
65,1993-08-18,14:25:00,17.88,3.86,0,3.64,7.73,244,43.6,2,,
65,1993-08-18,,17.33,3.41,0.2,3.67,7.76,246,38,2,,
65,1993-08-18,,17.15,2.79,0.5,3.66,7.76,246,31,2,,
66,1993-08-18,14:12:00,20.05,10.11,0,28.8,9.52,390,131.4,17.7,,
67,1993-08-18,13:19:00,18.22,5.09,0,6.38,7.84,327,58.4,3.5,,
67,1993-08-18,,17.82,4.03,0.2,6.43,7.84,236,45.9,3.6,,
86,1993-08-18,16:41:00,17.13,5.5,0,0.37,7.07,391,60.4,0.2,,
86,1993-08-18,,0.2,2.01,0.2,0.38,6.8,324,21.3,0.2,,
90,1993-08-18,,20.78,4.08,0,8.12,7.34,119,49.7,4.5,,
4857,1993-08-18,12:21:00,16.96,7.89,0,0.83,7.98,403,83.2,0.4,,
4857,1993-08-18,,16.95,7.48,0.3,0.83,7.98,403,81.9,0.4,,
4857,1993-08-18,,16.95,7.29,0.6,0.83,7.96,392,79.9,0.4,,
Gursky,1993-08-19,12:31:00,20.12,12.97,0,0.82,8.56,299,151.6,0.4,,
Gursky,1993-08-19,12:33:00,19.24,12.49,0.2,0.82,8.58,303,143.4,0.4,,
Gursky,1993-08-19,12:34:00,18.86,11.34,0.4,0.82,8.57,307,129.2,0.4,,
Gursky,1993-08-19,12:35:00,18.39,8.1,0.6,0.83,8.48,311,91.4,0.4,,
Gursky,1993-08-19,12:36:00,18.06,7.19,0.8,0.83,8.36,316,80.6,0.4,,
Gursky,1993-08-19,12:37:00,17.99,6.66,1,0.84,8.34,317,74.6,0.4,,
Gursky,1993-08-19,12:37:00,17.93,6.08,1.2,0.84,8.32,318,68,0.4,,
Gursky,1993-08-19,12:38:00,17.84,5.47,1.4,0.84,8.29,320,61.1,0.4,,
Gursky,1993-08-19,12:39:00,17.82,5.15,1.6,0.84,8.28,320,57.5,0.4,,
Gursky,1993-08-19,12:40:00,17.81,5,1.8,0.84,8.27,321,55.7,0.4,,
Gursky,1993-08-19,12:40:00,17.79,4.6,2.1,0.84,8.26,322,51.3,0.4,,
Gursky,1993-08-19,12:41:00,17.77,4.39,2.2,0.84,8.24,323,48.9,0.4,,
Gursky,1993-08-19,12:42:00,17.77,4.11,2.4,0.84,8.23,324,45.8,0.4,,
Gursky,1993-08-19,12:43:00,17.72,3.17,2.7,0.84,8.19,325,35.3,0.4,,
1,1993-08-27,15:21:00,19.81,9.51,0.1,2.25,8.73,261,110.4,1.2,,
1,1993-08-27,15:21:00,19.36,9.11,0.4,2.25,8.67,265,104.9,1.2,,
1,1993-08-27,15:22:00,18.73,9.38,0.6,2.24,8.68,267,106.5,1.2,,
25,1993-08-27,13:44:00,17.98,7.35,0.1,1.81,7.84,211,82.1,1,,
25,1993-08-27,13:45:00,15.86,5.09,0.4,1.85,7.36,232,54.4,1,,
50,1993-08-27,14:13:00,18.83,3.28,0.1,4.7,7.59,305,37.7,2.6,,
65,1993-08-27,13:18:00,18.98,3.6,0.1,3.77,7.75,238,41.4,2,,
65,1993-08-27,13:18:00,16.91,1.77,0.4,3.8,7.64,232,19.5,2.1,,
65,1993-08-27,13:20:00,16.59,2.18,0.7,3.77,7.6,166,23.9,2.1,,
66,1993-08-27,13:12:00,21.06,13.06,0.2,32.5,9.82,251,174.8,20.3,,
67,1993-08-27,12:22:00,18.93,4.79,0.1,6.72,7.89,207,55.5,3.7,,
67,1993-08-27,12:22:00,16.09,3.11,0.4,7.01,7.79,193,34,3.9,,
86,1993-08-27,14:59:00,15.34,2.97,0.1,0.42,6.94,301,31.3,0.2,,
86,1993-08-27,15:00:00,14,1.9,0.2,0.42,6.86,285,19.4,0.2,,
90,1993-08-27,14:37:00,18.15,9.66,0.1,9.51,7.28,262,111.5,5.4,,
4857,1993-08-27,11:49:00,17.18,5.66,0.1,0.86,7.87,340,62,0.4,,
4857,1993-08-27,11:50:00,16.86,5.39,0.4,0.85,7.81,341,58.7,0.4,,
4857,1993-08-27,11:52:00,15.57,5.44,0.7,0.86,7.78,327,57.6,0.4,,
4857,1993-08-27,11:53:00,15.71,4.9,1,0.86,7.72,325,52,0.4,,
Gursky,1993-08-27,16:17:00,16.9,4.1,2.7,0.84,8.35,301,44.6,0.4,,
Gursky,1993-08-27,16:18:00,17.01,4.98,2.1,0.84,8.4,300,54.3,0.4,,
Gursky,1993-08-27,16:19:00,17.08,5.68,1.6,0.83,8.43,299,62.1,0.4,,
Gursky,1993-08-27,16:23:00,17.49,6.71,1.1,0.83,8.52,300,73.9,0.4,,
Gursky,1993-08-27,16:29:00,18.35,9.68,0.9,0.82,8.68,302,108.6,0.4,,
Gursky,1993-08-27,16:31:00,19.02,14.03,0.6,0.81,8.8,300,159.6,0.4,,
Gursky,1993-08-27,16:33:00,20.02,,0.4,0.81,8.94,298,,0.4,,
Gursky,1993-08-27,16:34:00,20.43,,0.1,0.8,8.94,298,,0.4,,
1,1993-09-15,15:26:00,10.41,13.65,0,2.13,8.92,279,129.4,1.1,,
1,1993-09-15,15:27:00,10.34,13.62,0.4,2.2,8.93,278,129,1.2,,
25,1993-09-15,13:50:00,10.94,15.49,0,1.6,8.53,251,148.4,0.8,,
25,1993-09-15,13:51:00,8.79,12.62,0.1,1.68,8.25,254,114.9,0.9,,
50,1993-09-15,13:06:00,12.5,2.32,0,4.94,7.22,97,23.3,2.7,,
65,1993-09-15,11:54:00,9.83,10.95,0,3.43,8.33,291,103,1.9,,
65,1993-09-15,11:55:00,9.37,10.62,0.4,3.44,8.35,274,98.7,1.9,,
66,1993-09-15,12:04:00,11.74,9.21,0,26.7,9.15,256,99.2,16.3,,
66,1993-09-15,12:05:00,12.22,9.03,0,27.1,9.17,256,98.5,16.6,,
67,1993-09-15,10:39:00,9.23,11.35,0,1.45,8.4,295,104.3,0.8,,
67,1993-09-15,10:39:00,9.03,11.86,0.4,1.45,8.44,295,108.6,0.8,,
86,1993-09-15,17:00:00,9.57,8.38,0,0.39,7.79,314,77.4,0.2,,
86,1993-09-15,17:01:00,8.69,6.62,0,0.41,7.22,277,59.9,0.2,,
90,1993-09-15,16:24:00,12.96,9.96,0,9.12,7.55,298,102.8,5.1,,
4857,1993-09-15,10:06:00,8.82,10.05,0,0.82,8.31,308,91.3,0.4,,
4857,1993-09-15,10:07:00,8.8,9.49,0.2,0.83,8.28,301,86.2,0.4,,
Gursky,1993-09-15,17:41:00,10.45,10.01,0,0.79,8.77,274,94.5,0.4,,
Gursky,1993-09-15,17:42:00,10.5,9.91,0.3,0.79,8.78,275,93.6,0.4,,
Gursky,1993-09-15,17:43:00,10.49,10.01,0.8,0.79,8.79,276,94.6,0.4,,
Gursky,1993-09-15,17:43:00,10.47,9.89,1.3,0.79,8.79,276,93.4,0.4,,
Gursky,1993-09-15,17:44:00,10.42,9.51,1.8,0.79,8.78,278,89.8,0.4,,
Gursky,1993-09-15,17:45:00,10.42,9.43,2.3,0.79,8.78,278,89,0.4,,
1,1993-10-14,14:55:00,5.78,106.8,0.1,2.45,8.84,317,106.8,1.3,,
1,1993-10-14,14:57:00,5.83,104.4,0.6,2.35,8.87,314,104.4,1.3,,
1,1993-10-14,14:57:00,5.87,103.8,0.8,2.45,8.87,313,103.8,1.3,,
20,1993-10-14,11:16:00,4.56,99,0.1,1.65,8.42,328,99,0.9,,
20,1993-10-14,11:17:00,4.56,96.5,0.5,1.66,8.43,325,96.5,0.9,,
20,1993-10-14,11:18:00,4.56,98.6,0.8,1.65,8.44,323,98.6,0.9,,
25,1993-10-14,13:45:00,5.07,101.5,0.1,1.79,8.4,266,101.5,1,,
25,1993-10-14,13:46:00,5.01,100.2,0.3,1.82,8.39,266,100.2,1,,
65,1993-10-14,12:02:00,4.94,96.9,0.1,4.04,8.29,336,96.9,2.2,,
65,1993-10-14,12:02:00,4.81,94.9,0.6,4.06,8.27,336,94.9,2.2,,
65,1993-10-14,12:21:00,4.74,94.5,0.7,4.09,8.27,337,94.5,2.2,,
66,1993-10-14,12:05:00,4.76,97.1,0.2,35.1,8.7,349,97.1,22.1,,
67,1993-10-14,13:51:00,6.34,84.5,0,7.38,5.04,288,84.5,4.1,,
67,1993-10-14,13:52:00,6.03,81.4,0.2,7.53,5.01,282,81.4,4.2,,
86,1993-10-14,15:26:00,5.35,55.3,0.2,0.56,7.09,358,55.3,0.3,,
90,1993-10-14,16:03:00,7.59,78.8,0.1,11.38,6,218,78.8,6.5,,
4857,1993-10-14,10:42:00,4.23,90.2,0,0.97,8.16,339,90.2,0.5,,
4857,1993-10-14,10:44:00,4.26,85.1,0.2,0.98,8.18,335,85.1,0.5,,
4857,1993-10-14,10:45:00,4.23,84.1,0.5,0.97,8.2,330,84.1,0.5,,
Gursky,1993-10-14,4:39:00,5.72,11.42,1,0.87,5.12,299,96.2,0.5,,
Gursky,1993-10-14,4:43:00,5.65,11.28,0.6,0.87,5.13,300,94.9,0.5,,
Gursky,1993-10-14,4:46:00,5.62,11.05,1.1,0.87,5.12,302,92.9,0.5,,
Gursky,1993-10-14,4:48:00,5.6,10.99,1.6,0.87,5.12,304,92.3,0.5,,
Gursky,1993-10-14,4:49:00,5.6,10.97,2,0.87,5.11,304,92.2,0.5,,
Gursky,1993-10-14,4:05:00,5.6,10.78,2.5,0.87,5.09,305,90.6,0.5,,
25,1994-05-10,13:16:24,12.86,8.22,-0.2,0.993,8.01,339,79.2,0.5,,
25,1994-05-10,13:17:23,12.83,7.75,0.2,1.002,8.02,322,74.6,0.5,,
25,1994-05-10,13:17:47,12.78,7.64,0.6,0.997,8.02,314,73.4,0.5,,
1A,1994-05-10,14:02:10,14.77,7.5,-0.2,1.63,8.01,328,75.6,0.9,,
1A,1994-05-10,14:02:37,14.49,7.17,0.2,1.65,7.97,328,71.7,0.9,,
1A,1994-05-10,14:02:53,14.2,6.87,0.7,1.67,7.95,328,68.4,0.9,,
1B,1994-05-10,14:22:35,14.28,8.11,-0.2,1.656,7.99,346,80.8,0.9,,
1B,1994-05-10,14:23:59,14.21,7.58,-0.2,1.64,8.06,329,75.4,0.9,,
1B,1994-05-10,14:24:42,14.24,7.33,0.3,1.68,8.03,329,73,0.9,,
1B,1994-05-10,14:24:55,14.24,7.3,0.6,1.69,8.03,329,72.7,0.9,,
37,1994-05-11,10:39:49,15.72,7.61,0,0.374,8.05,328,77.9,0.2,,
37,1994-05-11,10:41:01,12.27,2.2,0.3,0.395,7.63,340,20.8,0.2,,
50,1994-05-11,10:07:36,13.5,4.2,0,2.87,7.92,335,41.3,1.5,,
60,1994-05-11,16:13:22,19.83,9.22,-0.2,0.345,7.94,320,102.7,0.2,,
60,1994-05-11,16:15:19,16.46,3.91,0.1,0.362,7.44,203,40.6,0.2,,
65,1994-05-11,15:43:26,15.76,9.91,-0.2,2.71,8.61,327,102.3,1.5,,
65,1994-05-11,15:44:31,14.82,9.15,0.6,2.7,8.56,236,92.6,1.5,,
66,1994-05-11,15:38:45,17.33,8.84,-0.1,26.1,8.85,338,103.4,15.9,,
66,1994-05-11,15:39:23,17.35,8.84,-0.1,25.8,8.87,334,103.2,15.7,,
67,1994-05-11,14:47:12,15.69,10.64,-0.2,3.25,8.6,317,109.9,1.8,,
67,1994-05-11,14:50:23,15.22,7.63,0.3,3.53,8.5,233,78.2,1.9,,
86,1994-05-11,12:42:36,18.1,6.06,0,0.327,4.42,304,65.1,0.2,,
86,1994-05-11,12:43:46,11.16,1.27,0.3,0.361,4.4,217,11.7,0.2,,
90,1994-05-11,13:06:49,16.07,6.6,0,9.66,4.47,297,70.4,5.5,,
109,1994-05-11,12:14:22,17.2,4.85,-0.1,0.329,7.6,334,51.2,0.2,,
109,1994-05-11,12:15:50,13.67,2.36,0.3,0.344,7.49,339,23.1,0.2,,
4857,1994-05-11,12:32:35,13.53,9.7,-0.2,0.76,8.59,372,94.7,0.4,,
4857,1994-05-11,12:33:15,13.53,9.57,0.3,0.762,8.59,366,93.5,0.4,,
4857,1994-05-11,12:33:49,13.53,9.52,0.4,0.764,8.59,362,93,0.4,,
4857,1994-05-11,13:15:52,12.86,11.43,-0.2,0.991,8,348,110.1,0.5,,
Gursky,1994-05-11,14:04:10,14.31,10.92,0,0.845,3.78,297,108.6,0.4,,
Gursky,1994-05-11,14:05:03,13.85,10.63,0.5,0.847,3.78,297,104.6,0.4,,
Gursky,1994-05-11,14:05:55,13.72,10.1,0.7,0.859,3.79,298,99.1,0.4,,
25,1994-05-24,15:26:15,17.42,8.67,-0.1,1.075,7.51,364,94.7,0.6,,
25,1994-05-24,15:27:10,16.34,6.1,0.7,1.092,7.34,257,65.2,0.6,,
37,1994-05-24,16:21:43,21.24,7.52,0,0.384,7.56,315,88.5,0.2,,
37,1994-05-24,16:24:22,14.77,1.6,0.3,0.41,6.88,286,16.5,0.2,,
37,1994-05-24,16:25:05,16.54,2.36,0.3,0.386,6.89,269,25.2,0.2,,
50,1994-05-24,15:54:15,20.89,6.4,0,3.29,7.52,279,75.6,1.8,,
1A,1994-05-24,14:40:01,16.88,8.36,-0.1,1.67,7.53,399,90.5,0.9,,
1A,1994-05-24,14:40:49,16.61,7.85,0.6,1.63,7.51,395,84.5,0.9,,
1B,1994-05-24,15:01:00,15.87,7.31,0,1.81,7.42,392,77.5,1,,
1B,1994-05-24,15:01:53,15.79,6.98,0.8,1.83,7.38,385,73.9,1,,
65,1994-05-25,9:05:46,15.51,6.92,0.1,2.7,7.78,363,73.1,1.5,,
65,1994-05-25,9:06:45,14.82,3.26,0.8,2.66,7.67,345,33.9,1.4,,
66,1994-05-25,9:12:35,15.38,4.86,0.3,22.6,8.1,140,55.2,13.6,,
66,1994-05-25,9:38:17,17.06,6.72,0.1,3.31,8.11,263,73.5,1.8,,
66,1994-05-25,9:39:10,15.41,3.68,0.5,3.29,7.97,242,38.9,1.8,,
80,1994-05-25,16:45:06,20.02,7.13,0,0.328,7.11,311,81.9,0.2,,
86,1994-05-25,10:25:32,14.89,7.77,0.1,0.336,7.68,220,80.2,0.2,,
86,1994-05-25,10:26:34,9.63,1.29,0.6,0.377,6.99,230,11.8,0.2,,
90,1994-05-25,10:48:29,16.21,5.12,0.1,9.17,7.68,246,56.3,5.2,,
109,1994-05-25,10:06:04,14.53,5.05,0.1,0.321,6.86,314,51.8,0.2,,
109,1994-05-25,10:06:46,12.33,1.84,0.5,0.361,6.48,273,18,0.2,,
4857,1994-05-25,14:11:37,17.67,11.41,-0.1,0.768,8.16,393,125.1,0.4,,
4857,1994-05-25,14:12:42,17.69,10.74,0.5,0.77,8.14,340,117.8,0.4,,
6642,1994-05-25,11:11:12,17.22,3.69,0.1,1.035,7.41,288,40.2,0.5,,
6642,1994-05-25,11:11:46,14.66,2.44,0.6,1.043,7.28,261,25.1,0.5,,
Gursky,1994-05-25,11:38:13,16.34,9.91,0,0.807,8.24,291,105.7,0.4,,
Gursky,1994-05-25,11:38:54,14.58,9.68,0.8,0.817,8.25,291,99.4,0.4,,
25,1994-06-07,16:25:37,18.47,6.06,0,1.175,7.94,197,68.4,0.6,,
25,1994-06-07,16:26:09,17.88,4.55,0.7,1.181,7.87,181,50.8,0.6,,
50,1994-06-07,16:53:27,18.78,9.66,0,3.49,8.24,324,110.6,1.9,,
50,1994-06-07,16:53:55,18.78,9.03,0.1,3.49,8.23,312,103.5,1.9,,
4857,1994-06-07,15:07:05,17.89,11.47,0.6,0.683,8.82,302,127.7,0.4,,
1A,1994-06-07,15:34:57,18.54,9.02,0.7,1.48,8.19,362,102,0.8,,
1B,1994-06-07,15:58:19,18.59,8.76,0.6,1.46,8.2,303,99.2,0.8,,
1B,1994-06-07,15:59:01,18.41,8.62,0.9,1.63,8.2,310,97.3,0.9,,
37,1994-06-08,10:37:53,15.21,1.1,0,0.366,7.49,305,11.6,0.2,,
37,1994-06-08,10:38:36,15.24,0.79,0.4,0.375,7.47,296,8.3,0.2,,
60,1994-06-08,11:23:17,15.27,1.38,0,0.31,7.31,268,14.5,0.2,,
60,1994-06-08,11:24:15,15.12,0.83,0.3,0.313,7.18,253,8.7,0.2,,
65,1994-06-08,12:05:43,15.15,5.81,0,2.39,8.33,251,61.4,1.3,,
65,1994-06-08,12:06:25,15.17,4.02,0.6,2.22,8.28,156,42.5,1.2,,
66,1994-06-08,12:15:30,13.37,8.93,0,19.4,8.72,166,97,11.5,,
66,1994-06-08,12:15:53,13.37,8.65,0.1,19,8.73,156,93.8,11.2,,
67,1994-06-08,13:04:34,15.39,7.84,0.1,3.05,8.58,229,83.5,1.6,,
67,1994-06-08,13:05:39,15.05,3.81,0.6,3.08,8.49,140,40.4,1.7,,
86,1994-06-08,13:33:34,14.77,6.16,0,0.32,7.86,290,64.1,0.2,,
86,1994-06-08,13:34:04,14.13,2.21,0.6,0.327,7.66,271,22.7,0.2,,
90,1994-06-08,13:55:40,14.9,7.98,0,7.68,8.39,262,85.6,4.3,,
6642,1994-06-08,14:23:19,14.72,4.51,0,0.891,8.03,227,47,0.5,,
6642,1994-06-08,14:23:37,14.7,4.44,0.6,0.885,8.02,225,46.3,0.5,,
109,1994-06-09,12:18:54,15.41,10.66,0,0.005,6.48,374,112.4,0,,
109,1994-06-09,12:19:38,15.36,1.32,0.4,0.326,7.39,325,13.9,0.2,,
25,1994-06-21,15:40:11,23.75,13,-0.1,1.55,8.52,262,161.2,0.8,,
25,1994-06-21,15:41:15,20.92,6.76,0.7,1.62,7.89,137,79.5,0.9,,
25,1994-06-21,15:42:07,21.8,7.64,0.3,1.533,7.96,116,91.3,0.8,,
50,1994-06-21,16:15:50,26.79,11.99,-0.1,4.43,8.49,274,158.8,2.4,,
50,1994-06-21,16:16:45,24.21,8.31,0.1,4.51,8.22,162,105.1,2.5,,
4857,1994-06-21,14:27:35,21.57,13.53,-0.1,0.791,8.97,219,160.4,0.4,,
4857,1994-06-21,14:28:50,20.19,10.26,0.5,0.834,8.76,174,118.4,0.4,,
1A,1994-06-21,15:09:57,21.27,9.97,-0.1,1.86,8.16,286,118.1,1,,
1A,1994-06-21,15:10:37,20.26,9.94,0.8,1.88,8.15,288,115.3,1,,
1A,1994-06-21,15:11:12,20.35,10.02,0.4,1.88,8.16,289,116.5,1,,
1B,1994-06-21,14:48:48,20.23,9.88,-0.1,1.89,8.12,277,114.6,1,,
1B,1994-06-21,14:49:59,20,9.42,0.8,1.89,8.11,253,108.7,1,,
1B,1994-06-21,14:50:44,20.14,9.5,0.4,1.9,8.13,247,110,1,,
1B,1994-06-21,14:51:24,20.71,9.34,-0.1,1.86,8.12,247,109.4,1,,
Gursky,1994-06-21,13:47:23,19.04,7.69,-0.1,0.84,8.45,300,86.8,0.4,,
Gursky,1994-06-21,13:48:19,17.96,6.83,0.7,0.855,8.47,298,75.4,0.4,,
37,1994-06-22,14:29:36,26.04,6.38,-0.1,0.464,7.75,268,82.1,0.2,,
37,1994-06-22,14:31:09,20.54,1.67,0.2,0.495,7.27,278,19.4,0.3,,
60,1994-06-22,14:53:15,26.47,5.75,-0.1,0.373,7.23,288,74.6,0.2,,
60,1994-06-22,14:54:54,21.41,2.45,0.1,0.397,6.97,259,28.9,0.2,,
65,1994-06-22,13:55:05,24.59,10.25,-0.1,2.9,8.42,245,129.8,1.6,,
65,1994-06-22,13:56:40,20.84,5.08,0.6,2.91,8.17,117,59.9,1.6,,
65,1994-06-22,13:57:44,21.71,6.78,0.3,2.82,8.24,127,81.2,1.5,,
66,1994-06-22,13:44:41,24.66,10.32,-0.1,22.6,8.63,250,140.9,13.6,,
66,1994-06-22,13:45:39,24.76,10.36,0.1,22.6,8.65,224,141.6,13.6,,
67,1994-06-22,13:14:12,23.57,8.78,-0.1,3.71,8.4,220,109.3,2,,
67,1994-06-22,13:16:47,19.95,3.58,0.4,3.88,8.27,124,41.5,2.1,,
86,1994-06-22,12:06:10,20.87,7.78,-0.1,0.417,7.66,213,90.9,0.2,,
86,1994-06-22,12:09:00,14.89,2.25,0.4,0.451,7.05,174,23.3,0.2,,
90,1994-06-22,11:41:57,24.55,7.97,-0.1,9.99,8.23,296,103.5,5.7,,
90,1994-06-22,11:42:47,21.57,6.02,0,10.33,8.2,255,73.9,5.9,,
109,1994-06-22,12:46:04,23.86,2.98,-0.1,0.389,7.06,283,36.8,0.2,,
109,1994-06-22,12:47:29,18.49,1.06,0.3,0.419,6.81,259,11.8,0.2,,
6642,1994-06-22,11:10:23,20.36,1.73,-0.1,1.109,7.49,188,20,0.6,,
6642,1994-06-22,11:11:22,19.4,1.2,0.4,1.121,7.48,151,13.6,0.6,,
25,1994-07-05,16:13:32,18.54,5.08,-0.1,1.63,7.84,274,56.9,0.9,,
25,1994-07-05,16:13:54,18.54,4.99,0.3,1.63,7.85,266,55.9,0.9,,
25,1994-07-05,16:14:25,18.44,4.44,0.7,1.63,7.83,262,49.7,0.9,,
50,1994-07-05,16:39:25,19.78,8.55,-0.1,5.14,8.32,146,99.5,2.8,,
50,1994-07-05,16:40:07,19.76,8.22,0.1,5.17,8.32,133,95.6,2.8,,
4857,1994-07-05,14:46:25,18.39,12.08,-0.1,0.788,9.14,392,134.5,0.4,,
4857,1994-07-05,14:47:11,17.94,10.23,0.1,0.795,9.03,317,112.8,0.4,,
4857,1994-07-05,14:48:09,17.72,9.1,0.4,0.799,8.98,263,99.9,0.4,,
1A,1994-07-05,15:23:24,18.68,8.81,-0.1,1.9,8.11,337,99,1,,
1A,1994-07-05,15:24:03,18.64,8.54,0.2,1.9,8.11,337,95.9,1,,
1A,1994-07-05,15:24:39,18.2,8.3,0.8,1.92,8.09,336,92.5,1,,
1B,1994-07-05,15:45:03,18.88,10.96,-0.1,1.89,8.36,338,123.8,1,,
1B,1994-07-05,15:45:37,18.83,10.78,0.3,1.88,8.37,332,121.6,1,,
1B,1994-07-05,15:46:21,18.76,10.55,0.7,1.89,8.38,323,118.8,1,,
37,1994-07-06,13:27:57,19.24,6.75,0,0.492,7.65,302,76.4,0.2,,
37,1994-07-06,13:29:23,18.25,3.71,0.1,0.495,7.39,282,41.2,0.3,,
37,1994-07-06,13:30:41,17.66,3.16,0.3,0.5,7.28,272,34.6,0.3,,
60,1994-07-06,13:04:33,17.98,5.5,0,0.391,7.32,263,60.6,0.2,,
60,1994-07-06,13:05:42,17.69,2.82,0.1,0.379,7.19,260,31,0.2,,
65,1994-07-06,12:28:25,18.03,6.25,0,3.03,8.25,208,69.6,1.6,,
65,1994-07-06,12:29:44,17.88,5.65,0.3,3.03,8.22,185,62.7,1.6,,
65,1994-07-06,12:30:30,17.79,4.73,0.7,3.07,8.2,173,52.5,1.7,,
66,1994-07-06,12:18:36,17.59,9.54,0,24.3,9.14,242,114.3,14.7,,
66,1994-07-06,12:19:57,17.59,9.49,0.2,24.6,9.22,216,113.9,14.9,,
67,1994-07-06,11:42:37,17.64,7.24,0,3.97,8.37,181,80.3,2.2,,
67,1994-07-06,11:43:52,17.57,6.72,0.4,3.95,8.37,133,74.5,2.2,,
67,1994-07-06,11:45:06,17.42,4.53,0.7,4.07,8.32,92,50,2.2,,
86,1994-07-06,11:13:12,16.93,7.24,0,0.454,7.72,213,78.1,0.2,,
86,1994-07-06,11:14:20,15.99,1.57,0.3,0.461,7.16,165,16.6,0.2,,
86,1994-07-06,11:14:49,15.64,1.32,0.5,0.46,7.05,159,13.8,0.2,,
90,1994-07-06,10:46:59,16.98,7.26,0,11.04,8.39,270,81.6,6.3,,
90,1994-07-06,10:48:17,16.85,6.16,0.1,11.04,8.38,248,69.1,6.3,,
109,1994-07-06,9:55:22,16.49,1.41,0,0.406,7.12,317,15.1,0.2,,
109,1994-07-06,9:56:05,16.44,1.12,0.3,0.405,7.08,315,11.9,0.2,,
6642,1994-07-06,10:21:50,16.53,0.61,0,1.162,7.73,179,6.5,0.6,,
6642,1994-07-06,10:22:35,16.53,0.44,0.3,1.171,7.73,155,4.7,0.6,,
6642,1994-07-06,10:23:14,16.48,0.34,0.5,1.165,7.73,142,3.7,0.6,,
Gursky,1994-07-06,9:24:08,18.01,5.74,0,0.878,8.31,363,63.5,0.5,,
Gursky,1994-07-06,9:25:16,18.03,5.65,0.5,0.87,8.34,349,62.4,0.5,,
Gursky,1994-07-06,9:25:47,18.01,5.53,12.2,0.4,0.862,0.9,,61.1,,
25,1994-07-19,15:12:30,19.47,3.14,-0.1,1.69,7.87,218,35.8,0.9,,
25,1994-07-19,15:13:10,19.45,2.64,0.3,1.7,7.8,114,30.2,0.9,,
25,1994-07-19,15:13:53,19.48,2.95,0.1,1.72,7.87,115,33.7,0.9,,
37,1994-07-19,15:43:31,20.61,5.58,-0.1,0.487,7.56,286,64.9,0.2,,
37,1994-07-19,15:44:39,20.28,4.83,0.1,0.485,7.51,275,55.8,0.2,,
50,1994-07-19,16:08:04,21.64,9.52,-0.1,4.85,8.39,161,114.7,2.7,,
50,1994-07-19,16:08:52,21.41,8.96,-0.1,4.85,8.35,163,107.5,2.7,,
60,1994-07-19,16:27:57,21.1,6.18,-0.2,0.348,7.23,208,72.5,0.2,,
60,1994-07-19,16:28:45,21.01,5.51,0,0.346,7.17,208,64.5,0.2,,
4857,1994-07-19,13:58:23,18.81,9.73,-0.1,0.77,9.62,266,109.2,0.4,,
4857,1994-07-19,14:00:31,18.83,10.1,0.2,0.765,9.65,227,113.4,0.4,,
1A,1994-07-19,14:21:35,20.61,7.81,-0.1,1.92,8.5,275,91.3,1,,
1A,1994-07-19,14:22:08,20.61,7.67,-0.2,1.91,8.5,272,89.7,1,,
1A,1994-07-19,14:23:41,20.43,7.08,0.4,1.89,8.46,249,82.5,1,,
1A,1994-07-19,14:24:35,20.54,6.75,0.1,1.91,8.47,250,78.7,1,,
1B,1994-07-19,14:43:01,20.05,7.32,-0.1,1.91,8.5,255,84.6,1,,
1B,1994-07-19,14:44:30,20.05,7.5,-0.1,1.87,8.51,239,86.7,1,,
1B,1994-07-19,14:45:36,19.93,7.14,0.6,1.88,8.53,239,82.3,1,,
1B,1994-07-19,14:46:28,19.95,7.11,0.2,1.88,8.53,233,82,1,,
65,1994-07-20,10:03:00,19.16,5.43,0,2.98,8.34,178,61.9,1.6,,
65,1994-07-20,10:04:16,18.74,3.24,0.6,3.01,8.19,82,36.6,1.6,,
65,1994-07-20,10:04:51,18.88,3.66,0.3,2.98,8.22,78,41.5,1.6,,
66,1994-07-20,9:50:37,17.67,8.25,0,24.9,9.98,233,99.3,15.1,,
66,1994-07-20,9:53:57,17.72,8.18,0.1,24.5,9.97,194,98.4,14.8,,
67,1994-07-20,9:24:36,19.05,2.13,0,4.15,8.2,246,24.4,2.3,,
67,1994-07-20,9:25:14,18.85,1.18,0.3,4.12,8.22,173,13.4,2.2,,
86,1994-07-20,11:18:32,18.18,3.11,0,0.45,7.44,166,34.4,0.2,,
86,1994-07-20,11:19:52,16.91,1.13,0.6,0.48,7.19,146,12.2,0.2,,
86,1994-07-20,11:21:09,17.82,2.04,0.2,0.459,7.24,142,22.4,0.2,,
90,1994-07-20,10:53:46,19.31,6.47,0,11.23,8.49,242,76.3,6.4,,
90,1994-07-20,10:55:38,19.28,5.97,0,11.2,8.48,184,70.3,6.4,,
109,1994-07-20,11:44:07,19.29,2.1,0,0.402,7.07,211,23.8,0.2,,
109,1994-07-20,11:45:16,18.92,2.22,0.1,0.398,7.03,212,25,0.2,,
6642,1994-07-20,10:32:17,18.4,1.85,0,1.19,7.87,166,20.7,0.6,,
6642,1994-07-20,10:33:14,18.28,1.67,0.4,1.184,7.89,146,18.6,0.6,,
Gursky,1994-07-20,12:15:09,21.22,3.4,0,0.888,8.12,250,40.1,0.5,,
Gursky,1994-07-20,12:15:50,20.33,2.73,0.7,0.9,8.14,232,31.6,0.5,,
Gursky,1994-07-20,12:16:49,20.33,2.71,0.3,0.895,8.16,217,31.4,0.5,,
25,1994-08-09,13:45:26,17.71,4.92,0.2,1.77,7.49,239,54.5,0.9,,
25,1994-08-09,13:46:15,17.25,3.52,0.8,1.8,7.43,169,38.5,1,,
25,1994-08-09,13:46:37,17.42,3.99,0.4,1.78,7.46,163,44,0.9,,
37,1994-08-09,14:34:11,18.59,8.79,0.2,0.499,7.11,262,98.6,0.3,,
37,1994-08-09,14:35:03,17.45,6.82,0.4,0.513,6.99,256,74.8,0.3,,
50,1994-08-09,14:12:21,19.48,7.24,0.2,5.82,7.56,265,84.3,3.2,,
50,1994-08-09,14:13:04,19.09,7.28,0.2,5.94,7.6,260,84.2,3.3,,
109,1994-08-09,14:59:30,19.28,4.23,0.2,0.402,6.91,274,48.1,0.2,,
109,1994-08-09,15:00:31,18.49,2.13,0.4,0.409,6.75,267,23.8,0.2,,
4857,1994-08-09,12:40:37,18.73,10.33,0.2,0.83,8.92,263,116.4,0.4,,
4857,1994-08-09,12:42:23,16.24,6.31,0.7,0.841,8.84,207,67.5,0.4,,
4857,1994-08-09,12:42:50,16.48,6.35,0.4,0.838,8.82,196,68.2,0.4,,
4857,1994-08-09,12:58:57,18.93,10.06,0.2,0.005,7.89,262,113.4,0,,
1A,1994-08-09,13:01:23,19.59,5.49,0.2,2,7.59,279,63.2,1.1,,
1A,1994-08-09,13:02:15,19.04,6.49,1.1,1.91,7.59,282,73.8,1,,
1A,1994-08-09,13:02:50,19.38,5.2,0.6,1.9,7.56,282,59.6,1,,
1B,1994-08-09,13:20:48,20.3,6.58,0.2,2.01,7.63,298,76.8,1.1,,
1B,1994-08-09,13:22:13,19.26,7.22,1,1.98,7.57,286,82.5,1.1,,
1B,1994-08-09,13:22:54,19.62,5.61,0.6,1.95,7.57,284,64.7,1,,
Gursky,1994-08-09,15:25:42,19.91,7.48,0.2,0.933,7.84,276,86.3,0.5,,
Gursky,1994-08-09,15:29:32,19.88,5.69,0.6,0.931,7.91,247,65.6,0.5,,
Gursky,1994-08-09,15:31:24,19.71,5.47,0.8,0.927,7.9,243,62.8,0.5,,
60,1994-08-10,11:44:44,19.64,4.97,0.2,0.381,6.96,214,56.9,0.2,,
60,1994-08-10,11:45:22,19.9,4.42,0.2,0.369,6.89,215,50.8,0.2,,
60,1994-08-10,11:45:30,19.91,4.39,0.2,0.367,6.88,216,50.6,0.2,,
65,1994-08-10,11:19:55,18.88,5.41,0.3,3.34,7.94,169,61.7,1.8,,
65,1994-08-10,11:21:19,17.79,2.49,0.8,3.31,7.74,118,27.7,1.8,,
65,1994-08-10,11:21:38,18.08,3.37,0.5,3.28,7.75,116,37.8,1.8,,
66,1994-08-10,11:11:40,18.71,8.74,0.3,28.4,9.82,182,109.4,17.4,,
66,1994-08-10,11:13:07,18.71,7.37,0.4,27.9,9.9,166,92.1,17.1,,
67,1994-08-10,10:49:16,18.52,2.96,0.3,4.54,7.75,160,33.7,2.5,,
67,1994-08-10,10:51:28,18.23,3.21,0.6,4.56,7.73,117,36.3,2.5,,
86,1994-08-10,10:26:14,15.56,3.23,0.3,0.484,7.21,130,34,0.2,,
86,1994-08-10,10:29:42,15.64,3.86,0.5,0.478,7.02,146,40.8,0.2,,
6642,1994-08-10,9:42:00,16.9,0.71,0.3,1.217,7.33,132,7.7,0.6,,
6642,1994-08-10,9:43:37,16.74,0.5,0.7,1.221,7.34,106,5.4,0.6,,
6642,1994-08-10,10:06:38,17.52,5.87,0.3,12.72,7.93,127,67.4,7.3,,
6642,1994-08-10,10:07:19,17.49,11.21,0.3,12.61,8.02,120,128.6,7.2,,
25,1994-08-23,14:19:30,24.19,3.23,0,1.8,7.82,251,41.2,1,,
25,1994-08-23,14:19:57,21.61,3.72,0.4,1.9,7.65,224,45.2,1,,
37,1994-08-23,14:43:04,21.2,5.04,0,0.545,7.21,284,60.4,0.3,,
37,1994-08-23,14:43:56,20.43,4.48,0.1,0.542,6.92,281,52.8,0.3,,
50,1994-08-23,15:02:46,22.71,5.74,0,6.54,7.63,292,72.4,3.6,,
50,1994-08-23,15:02:57,22.73,5.66,0,6.56,7.63,292,71.4,3.6,,
60,1994-08-23,15:18:57,25.09,6.16,0,0.353,7,216,79.4,0.2,,
60,1994-08-23,15:19:15,25.2,6.69,0,0.354,6.95,221,86.4,0.2,,
4857,1994-08-23,13:21:28,23.26,9.04,0,0.826,9.13,234,112.7,0.4,,
4857,1994-08-23,13:22:56,19.86,6.17,0.4,0.863,8.98,219,72.1,0.4,,
4857,1994-08-23,13:23:31,22.21,7.51,0.1,0.834,9.08,207,91.8,0.4,,
1A,1994-08-23,13:42:45,23.08,9.29,0,1.96,8.43,264,116,1,,
1A,1994-08-23,13:43:15,20.94,12.15,0.7,2.11,8.38,266,145.6,1.1,,
1A,1994-08-23,13:43:46,21.27,10.63,0.2,2,8.36,261,128.2,1.1,,
1B,1994-08-23,13:58:34,22.35,9.21,0,1.97,8.31,290,113.4,1.1,,
1B,1994-08-23,13:59:17,21.05,12.54,0.8,1.99,8.42,286,150.6,1.1,,
1B,1994-08-23,14:00:06,21.41,9.96,0.3,2.01,8.36,277,120.4,1.1,,
Gursky,1994-08-23,15:42:29,21.78,15.58,0,0.885,8.78,234,189,0.5,,
Gursky,1994-08-23,15:43:12,21.2,99999,0.6,0.896,8.74,231,99999,0.5,,
Gursky,1994-08-23,15:43:54,21.31,99999,0.2,0.886,8.75,230,99999,0.5,,
65,1994-08-24,10:28:58,19.09,5.42,0.1,3.6,7.9,161,62.9,2,,
65,1994-08-24,10:29:34,18.9,3.75,0.7,3.51,7.83,104,43.3,1.9,,
65,1994-08-24,10:30:13,18.97,4.82,0.4,3.52,7.89,105,55.9,1.9,,
66,1994-08-24,10:21:52,17.42,4.28,0.2,31.2,9.24,124,53.6,19.4,,
66,1994-08-24,10:22:23,17.42,3.79,0.3,30.9,9.25,98,47.3,19.2,,
67,1994-08-24,9:58:59,18.43,0.98,0.1,4.96,7.79,88,11.3,2.7,,
67,1994-08-24,9:59:30,18.32,0.59,0.4,4.97,7.77,59,6.8,2.7,,
67,1994-08-24,9:59:52,18.39,0.65,0.2,4.99,7.77,52,7.5,2.7,,
90,1994-08-24,11:42:01,16.69,3.08,0.1,14.39,7.96,101,35.5,8.3,,
90,1994-08-24,11:42:07,16.9,2.99,0.1,14.32,7.96,99,34.6,8.3,,
90,1994-08-24,12:07:50,18.73,7.77,0.1,0.505,7.56,221,88.6,0.3,,
90,1994-08-24,12:08:33,15.31,7.71,0.4,0.528,7.09,184,81.8,0.3,,
90,1994-08-24,12:09:09,16.31,6.01,0.2,0.498,7.04,168,65.2,0.3,,
109,1994-08-24,10:57:51,17.66,4.28,0.2,0.459,7,248,47.7,0.2,,
109,1994-08-24,10:57:56,17.74,4.03,0.2,0.458,6.97,249,45.1,0.2,,
6642,1994-08-24,11:18:20,17.55,0.92,0.1,1.264,7.42,174,10.3,0.7,,
6642,1994-08-24,11:18:38,17.33,0.75,0.4,1.266,7.43,167,8.3,0.7,,
6642,1994-08-24,11:18:55,17.2,0.69,0.3,1.267,7.42,150,7.6,0.7,,
25,1994-09-13,16:20:19,18.1,7.41,0,2.02,7.95,266,83.8,1.1,,
25,1994-09-13,16:21:18,17,5.3,0.6,2.02,7.88,194,58.7,1.1,,
50,1994-09-13,16:55:44,18.85,9.65,0,7.4,8.03,304,113.2,4.1,,
4857,1994-09-13,14:48:43,17.59,9.52,0,0.969,8.34,302,106.2,0.5,,
4857,1994-09-13,14:49:29,17.44,9.45,0.4,0.958,8.36,296,105.1,0.5,,
1A,1994-09-13,15:20:02,16.96,11.77,0,2.11,8.26,288,130.2,1.1,,
1A,1994-09-13,15:20:52,16.38,12.84,0.8,2.09,8.35,257,140.2,1.1,,
1A,1994-09-13,15:44:49,18.68,14.9,0,2.1,8.44,305,170.8,1.1,,
1B,1994-09-13,15:45:51,18.78,12.57,0,2.09,8.53,302,144.4,1.1,,
1B,1994-09-13,15:46:54,17.39,10.67,0.8,2.11,8.29,298,119.1,1.1,,
37,1994-09-14,10:35:10,14.44,5.36,0,0.83,7.23,239,56,0.4,,
65,1994-09-14,9:43:26,16.07,5.96,0,3.84,8.05,183,65.1,2.1,,
65,1994-09-14,9:43:58,15.84,6.09,0.6,3.81,8.03,132,66.2,2.1,,
66,1994-09-14,9:55:43,16.02,7.7,0.1,34.2,8.61,214,94.8,21.5,,
67,1994-09-14,9:12:14,15.14,6.62,0,5.46,8.05,291,71.3,3,,
67,1994-09-14,9:13:42,14.56,5.47,0.4,5.5,8,195,58.2,3,,
86,1994-09-14,11:35:31,13.4,6.06,0.1,0.511,7.45,186,61.7,0.3,,
90,1994-09-14,12:27:08,14.77,4.39,0.1,16,8.21,114,48.9,9.4,,
109,1994-09-14,11:07:43,14.28,3.36,0.1,0.451,7.03,261,34.9,0.2,,
6642,1994-09-14,11:58:28,15.56,2.09,0.1,1.335,7.72,171,22.3,0.7,,
Gursky,1994-09-14,12:52:27,16.39,11,0,0.923,8.85,209,119.7,0.5,,
Gursky,1994-09-14,12:52:59,16.39,10.88,0.8,0.923,8.87,210,118.4,0.5,,
25,1994-10-11,17:53:54,8.52,10.26,0.1,2.13,8.39,262,93.9,1.1,,
25,1994-10-11,17:54:19,8.51,10.44,0.7,2.01,8.39,238,95.5,1.1,,
25,1994-10-11,17:54:58,8.51,10.22,0.4,2.08,8.4,216,93.6,1.1,,
50,1994-10-11,18:28:20,8.61,10.71,0.2,8.43,8.25,290,100.7,4.7,,
50,1994-10-11,18:28:31,8.66,11.26,0.2,8.42,8.25,290,106,4.7,,
4857,1994-10-11,17:23:33,8.43,9.43,0.1,1.071,8.47,302,85.8,0.6,,
4857,1994-10-11,17:24:18,8.47,9.17,0.4,1.057,8.44,296,83.5,0.6,,
4857,1994-10-11,17:24:47,8.38,9.37,0.2,1.057,8.46,294,85.1,0.6,,
6642,1994-10-11,19:27:42,9.12,8.57,0.3,1.474,8.35,272,79.4,0.8,,
6642,1994-10-11,19:27:48,9.13,8.54,0.3,1.473,8.35,272,79.1,0.8,,
Gursky,1994-10-11,20:05:54,8.36,10.44,0.2,0.968,8.89,270,94.8,0.5,,
Gursky,1994-10-11,20:06:36,8.31,10.36,0.7,0.963,8.89,271,94,0.5,,
Gursky,1994-10-11,20:07:02,8.33,10.31,0.5,0.962,8.89,271,93.6,0.5,,
65,1994-10-12,14:47:03,6.94,9.87,0.4,4.13,8.46,240,87.6,2.3,,
65,1994-10-12,14:48:20,6.52,8.03,0.8,4.19,8.44,234,70.6,2.3,,
65,1994-10-12,14:49:12,6.75,8.74,0.6,4.14,8.46,230,77.2,2.3,,
66,1994-10-12,14:38:12,4.63,8.98,0.5,39.7,9.23,244,87.7,25.4,,
66,1994-10-12,14:38:51,4.65,9.46,0.4,40,9.24,238,92.5,25.6,,
67,1994-10-12,14:14:26,6.45,1.97,0.4,6.14,8.18,236,17.4,3.4,,
67,1994-10-12,14:15:14,6.4,1.59,0.7,6.14,8.18,208,14,3.4,,
86,1994-10-12,15:51:12,4.86,10.1,0.4,0.65,7.89,146,83.9,0.3,,
90,1994-10-12,15:29:43,4.84,7.68,0.4,19.8,8.41,122,69,11.8,,
90,1994-10-12,15:31:16,4.78,6.51,0.4,19.6,8.38,83,58.3,11.6,,
1A,1994-10-12,13:22:01,6.63,10.66,0.4,2.16,8.15,311,93.2,1.2,,
1A,1994-10-12,13:24:33,6.68,8.09,0.9,2.23,8.18,306,70.8,1.2,,
1A,1994-10-12,13:25:26,6.76,9.29,0.7,2.2,8.24,301,81.5,1.2,,
1B,1994-10-12,13:43:38,7.46,10.73,0.4,2.17,8.29,295,95.7,1.2,,
1B,1994-10-12,13:45:11,7.32,8.62,1.1,2.18,8.35,292,76.6,1.2,,
1B,1994-10-12,13:45:51,7.35,9.32,0.8,2.18,8.36,288,82.9,1.2,,
25,1995-05-30,13:25:58,21.03,7,-0.1,1.71,7.95,312,83.8,0.9,,
25,1995-05-30,13:26:17,21.03,6.84,0.4,1.72,7.94,309,81.9,0.9,,
50,1995-05-30,15:51:51,25.24,8.94,0,5.37,8.26,340,117.5,3,,
65,1995-05-30,14:44:27,21.63,9.12,-0.1,3.04,8.11,350,111,1.6,,
65,1995-05-30,14:44:45,21.61,8.71,0.4,3.03,8.1,347,106,1.6,,
66,1995-05-30,15:00:38,24.65,10.25,0,26.2,8.56,326,144.3,16,,
67,1995-05-30,14:04:30,21.33,5.63,0,4.91,8.01,254,68.6,2.7,,
4857,1995-05-30,12:17:21,20.7,8.36,-0.1,0.946,8.22,397,99.2,0.5,,
4857,1995-05-30,12:18:14,20.66,7.86,0.4,0.946,8.15,368,93.1,0.5,,
1B,1995-05-30,11:26:19,19.71,7.66,-0.1,1.96,7.94,454,89.4,1,,
1B,1995-05-30,11:27:09,19.62,7.52,0.6,1.96,7.89,437,87.7,1,,
37,1995-05-31,9:31:07,17.1,4.47,-0.1,0.22,7.69,329,49.1,0.1,,
86,1995-05-31,11:20:49,16.96,5.41,0,0.624,8.36,253,59.4,0.3,,
90,1995-05-31,10:54:51,17.5,5.98,0,10.39,8.2,207,69,5.9,,
109,1995-05-31,12:19:37,19.91,4.77,0,0.399,7.45,323,55.6,0.2,,
6642,1995-05-31,10:16:21,17.86,4.25,0,1.237,8.01,342,47.7,0.7,,
Gursky,1995-05-31,12:54:43,17.27,7.2,0,0.877,8.75,343,79.6,0.5,,
Gursky,1995-05-31,12:55:09,17.06,4.83,0.5,0.872,8.74,341,53.2,0.5,,
25,1995-06-20,10:35:21,20.89,3.93,0,1.83,7.89,231,47.1,1,,
25,1995-06-20,10:35:44,20.91,3.87,0.1,1.84,7.89,228,46.4,1,,
50,1995-06-20,14:32:02,24.26,11.13,0.1,6.17,7.94,349,144.3,3.4,,
50,1995-06-20,14:32:08,24.26,11.14,0.1,6.17,7.94,332,144.6,3.4,,
65,1995-06-20,11:33:32,20.8,8.15,0,3.15,8.39,232,97.9,1.7,,
65,1995-06-20,11:34:25,20.8,8.15,0.3,3.16,8.38,199,97.9,1.7,,
66,1995-06-20,11:25:23,19.59,9.6,0,31.1,8.75,287,125.5,19.3,,
66,1995-06-20,11:25:54,19.64,9.48,0.1,31.9,8.76,271,124.5,19.9,,
67,1995-06-20,11:01:04,20.4,7.47,0,5.46,8.14,255,89.7,3,,
67,1995-06-20,11:02:11,20.49,6.67,0,5.25,8.13,219,80.3,2.9,,
90,1995-06-20,12:58:29,24.26,9.29,0,11.33,8.21,319,122.9,6.5,,
109,1995-06-20,12:35:43,24.35,12.46,0,0.374,8.15,290,158.6,0.2,,
4857,1995-06-20,10:15:15,20.61,4.68,0,0.981,7.7,186,55.5,0.5,,
4857,1995-06-20,10:15:38,20.66,4.65,0.2,0.978,7.7,175,55.3,0.5,,
6642,1995-06-20,13:16:16,21.63,7.74,0,1.335,8.02,272,93.9,0.7,,
6642,1995-06-20,13:16:27,21.57,7.77,0.1,1.332,8.01,266,94.1,0.7,,
1A,1995-06-20,9:24:24,21.68,5.26,0.2,2.01,7.7,239,64,1.1,,
1A,1995-06-20,9:51:31,21.24,5.52,0,2.03,7.76,316,66.6,1.1,,
1B,1995-06-20,9:52:17,21.24,5.5,0.8,2.05,7.76,301,66.4,1.1,,
1B,1995-06-20,9:52:46,21.2,5.58,0.3,2.06,7.76,293,67.3,1.1,,
Gursky,1995-06-20,14:01:25,21.82,5.9,0.1,0.904,8.22,329,71.7,0.5,,
Gursky,1995-06-20,14:01:41,21.82,5.83,0.2,0.905,8.22,328,70.9,0.5,,
25,1995-07-12,15:06:18,25.46,12.38,0,1.82,8.81,248,161.7,1,,
25,1995-07-12,15:06:34,25.42,12.37,0,1.83,8.81,249,161.3,1,,
50,1995-07-12,14:40:13,26.49,7.54,0,7.19,8.01,232,102.3,4,,
50,1995-07-12,14:41:50,26.45,9.55,0,7.21,8.01,244,129.5,4,,
65,1995-07-12,10:55:20,22.07,7.8,0,2.25,8.8,86,95.7,1.2,,
65,1995-07-12,10:55:59,22.05,7.63,0,3.25,8.8,86,94,1.8,,
66,1995-07-12,10:44:07,21.36,6.63,0,23.58,9.77,83,87,14.2,,
66,1995-07-12,10:44:41,21.4,6.88,0,12.07,9.78,88,86.4,6.9,,
67,1995-07-12,10:04:32,22,3.71,0,5.6,8.44,125,46,3.1,,
67,1995-07-12,10:05:08,22.09,3.62,0,5.28,8.44,131,44.9,2.9,,
90,1995-07-12,11:43:52,19.48,9.12,0,0.004,10.11,227,105.5,0,,
90,1995-07-12,11:47:26,23.88,6.59,0,5.64,8.36,208,84.7,3.1,,
90,1995-07-12,11:48:57,24.35,7.89,0,4.63,8.32,112,101.9,2.5,,
4857,1995-07-12,9:37:46,20.98,5.78,0,0.919,8.47,205,69.1,0.5,,
6642,1995-07-12,12:23:51,23.41,6.24,0,0.46,8.26,175,78,0.2,,
6642,1995-07-12,12:26:56,23.66,5.53,0,1.405,8.21,213,69.7,0.7,,
1A,1995-07-12,13:53:22,23.82,8.07,0,1.98,8.39,204,102.2,1.1,,
1A,1995-07-12,13:54:20,23.75,7.96,0.4,2.11,8.39,164,100.8,1.1,,
1B,1995-07-12,13:31:11,23.54,8.18,0.5,2.1,8.38,120,103.2,1.1,,
Gursky,1995-07-12,15:43:49,24.5,10.51,0,0.87,8.86,241,134.3,0.5,,
Gursky,1995-07-12,15:45:03,24.19,11.11,0.4,0.869,8.87,245,141.2,0.5,,
25,1995-07-25,15:45:04,23.75,15.61,0,1.97,9.05,159,195.5,1.1,,
50,1995-07-25,15:21:24,21.61,9.22,0,7.89,7.99,200,113.3,4.4,,
65,1995-07-25,14:21:53,22.14,12.05,0,3.42,9.31,119,147.2,1.9,,
66,1995-07-25,14:09:23,28.94,11.94,-0.1,40.5,9.62,20,194.7,25.9,,
66,1995-07-25,14:17:11,21.45,10.98,0,0.283,9.8,129,130.8,0.1,,
67,1995-07-25,13:32:02,20.57,7.63,0,6.15,8.66,139,91.2,3.4,,
4857,1995-07-25,12:35:07,22.83,14.62,0,0.933,9.34,268,179.3,0.5,,
4857,1995-07-25,12:36:02,23.08,13.19,0,0.933,9.42,271,162.5,0.5,,
6642,1995-07-25,12:07:17,19.43,6.5,0,1.46,8.21,318,74.7,0.8,,
1A,1995-07-25,10:45:56,19.41,8.89,0,2.14,8.48,247,102.4,1.1,,
1A,1995-07-25,10:47:26,19.29,9.38,0.5,2.17,8.48,238,107.8,1.2,,
1B,1995-07-25,10:16:10,19.9,9.52,0,2.16,8.48,306,110.8,1.2,,
1B,1995-07-25,10:17:18,19.76,8.48,0.5,2.2,8.44,250,98.4,1.2,,
Gursky,1995-07-25,11:30:14,20.66,10.36,0,0.914,8.91,317,121.8,0.5,,
Gursky,1995-07-25,11:32:28,20.59,10.76,0.5,0.912,8.92,317,126.3,0.5,,
25,1995-08-14,14:59:37,21.02,99999,0,2,9.1,84,99999,1.1,,
50,1995-08-14,15:25:45,20.22,7.46,0,7.14,8.04,141,90.7,4,,
65,1995-08-14,11:00:25,15.19,8.6,0,3.44,9.15,-2,93,1.9,,
65,1995-08-14,11:00:38,15.19,8.57,0,3.57,9.15,-4,92.8,1.9,,
66,1995-08-14,11:09:35,15.35,9.81,0,32.8,9.62,-35,119.7,20.5,,
67,1995-08-14,10:25:46,14.56,8.4,0,6.19,8.67,72,90.6,3.4,,
90,1995-08-14,13:47:45,21.72,8.65,0,9.96,8.47,-36,109.6,5.6,,
4857,1995-08-14,9:58:44,13.99,7,-0.1,1.071,8.2,16,73.2,0.6,,
6642,1995-08-14,14:14:13,19.96,8.74,0,1.424,8.31,111,103.6,0.8,,
1A,1995-08-14,13:10:59,17.13,12.09,0,2.34,8.62,17,135.7,1.3,,
1A,1995-08-14,13:12:59,16.5,8.73,0.5,2.24,8.52,-40,96.7,1.2,,
1B,1995-08-14,12:58:09,16.14,9.08,0,2.38,8.58,48,99.9,1.3,,
Gursky,1995-08-14,16:38:18,17.73,9.55,0,0.947,9.17,134,108.1,0.5,,
Gursky,1995-08-14,16:39:24,16.57,8.56,0.5,0.934,9.15,135,94.5,0.5,,
25,1995-08-28,10:43:08,16.87,8.36,0.1,2.18,9,187,93.3,1.2,,
25,1995-08-28,10:43:50,16.71,8.56,0.6,2.05,9.03,104,95.2,1.1,,
65,1995-08-28,11:33:30,17.29,9.33,0.1,3.77,9.33,57,105.7,2.1,,
65,1995-08-28,11:37:04,17.19,9.46,0.6,3.77,9.37,23,107,2.1,,
66,1995-08-28,11:51:01,17.61,12.15,0.1,37.8,9.52,45,158.6,24,,
67,1995-08-28,11:17:36,17.28,9.41,0.1,6.51,8.91,126,107.6,3.6,,
667,1995-08-28,11:18:05,17.26,9.28,0.4,6.48,8.91,109,106.1,3.6,,
4857,1995-08-28,10:10:20,16.52,8.76,0.1,1.128,8.53,71,96.6,0.6,,
4857,1995-08-28,10:10:55,16.4,8.84,0.5,1.129,8.5,15,97.3,0.6,,
6642,1995-08-28,13:57:58,18.94,9.32,0.1,1.527,8.36,232,108.3,0.8,,
1A,1995-08-28,13:28:48,18.4,11.69,0.1,2.34,9.09,214,134.7,1.3,,
1A,1995-08-28,13:30:03,18.38,12.8,0.5,2.37,9.13,199,147.5,1.3,,
1B,1995-08-28,13:04:46,17.77,10.96,0.1,2.31,9,191,124.7,1.2,,
1B,1995-08-28,13:05:14,17.78,11.33,0.7,2.31,9.02,176,128.9,1.2,,
Gursky,1995-08-28,14:44:10,18.45,10.66,0.1,0.936,9.24,195,122.4,0.5,,
Gursky,1995-08-28,14:44:42,18.48,10.61,0.6,0.937,9.27,190,121.8,0.5,,
25,1995-09-12,12:04:13,17.92,10.68,0,2.12,8.85,230,112.3,1.1,,
25,1995-09-12,12:06:49,17.95,11.08,0.4,2.13,8.86,174,116.7,1.1,,
65,1995-09-12,11:02:32,17.07,8.99,0,3.72,8.97,224,93.4,2,,
65,1995-09-12,11:02:47,17.07,8.93,0.1,3.72,8.98,218,92.8,2,,
66,1995-09-12,10:48:14,16.17,8.6,-0.1,41,9.1,216,102,26.3,,
67,1995-09-12,10:22:41,17.09,6.67,0,6.4,8.53,206,70.1,3.5,,
4857,1995-09-12,13:46:41,18.14,13.08,0,1.053,4.38,232,137.7,0.6,,
6642,1995-09-12,9:36:47,15.64,4.94,0,1.52,7.93,316,49.4,0.8,,
1A,1995-09-12,12:48:11,17.97,11.98,0,2.19,8.96,272,126.2,1.2,,
1A,1995-09-12,12:53:36,17.97,10.39,0.4,2.12,8.98,227,109.4,1.1,,
1B,1995-09-12,12:33:47,17.43,9.72,0,2.2,8.73,253,101.3,1.2,,
1B,1995-09-12,12:34:13,17.33,9.65,0.5,2.2,8.77,251,100.3,1.2,,
Gursky,1995-09-12,14:36:42,17.87,8.39,0,0.892,3.85,367,87.8,0.5,,
Gursky,1995-09-12,14:38:41,17.8,8.91,0.5,0.89,3.9,357,93.1,0.5,,
25,1995-10-17,12:19:15,5.92,11.18,0,2.4,8.55,350,95.9,1.3,,
25,1995-10-17,12:19:29,5.93,11.07,0.3,2.39,8.54,349,95,1.3,,
65,1995-10-17,13:11:51,5.9,11.39,0.1,4.23,8.98,277,98.3,2.3,,
65,1995-10-17,13:12:15,5.92,11.38,0,4.2,8.92,277,98.3,2.3,,
66,1995-10-17,13:01:23,5.98,10.05,0.1,43.2,8.81,320,102.9,27.8,,
67,1995-10-17,12:46:19,6.13,11.26,0,7.07,8.55,330,98.9,3.9,,
4857,1995-10-17,11:05:29,5.27,11.43,0,1.147,8.18,452,96,0.6,,
6642,1995-10-17,13:47:13,6.41,12.18,0,1.79,8.05,301,105.5,1,,
1A,1995-10-17,11:37:11,6.97,10.5,0,2.31,8.51,350,92.4,1.2,,
1A,1995-10-17,11:37:33,6.98,10.44,0.5,2.29,8.55,349,91.9,1.2,,
1B,1995-10-17,11:21:25,6.72,10.53,0.1,2.29,7.95,379,92.1,1.2,,
1B,1995-10-17,11:22:00,6.74,10.42,0.5,2.26,8.08,368,91.2,1.2,,
Gursky,1995-10-17,14:10:32,7.46,11.4,0,0.943,8.8,314,101.1,0.5,,
Gursky,1995-10-17,14:11:07,7.39,11.1,0.6,0.944,8.82,314,98.3,0.5,,
25,1996-05-08,13:58:58,5.34,11.37,0,0.659,7.85,215,94.1,0.3,,
25,1996-05-08,13:59:46,5.18,11.14,0.5,0.65,7.86,226,91.8,0.3,,
65,1996-05-08,15:20:56,4.63,13.94,0,1.266,8.29,161,113.5,0.7,,
65,1996-05-08,15:21:34,4.63,13.6,0.6,1.278,8.3,129,110.8,0.7,,
66,1996-05-08,15:34:47,5.21,12.32,0,14.73,9.11,171,107.6,8.5,,
66,1996-05-08,15:35:08,5.21,12.22,0.1,14.72,9.12,173,106.7,8.5,,
67,1996-05-08,14:45:45,5.64,13.68,0,2.35,8.15,209,114.9,1.3,,
67,1996-05-08,14:46:10,5.64,13.44,0.2,2.3,8.19,199,112.8,1.2,,
4857,1996-05-08,13:02:40,4.46,12.49,0,0.58,8.1,329,101,0.3,,
4857,1996-05-08,13:03:12,4.48,12.48,0.2,0.581,8.11,259,101,0.3,,
37,1996-05-09,14:16:30,8.54,7.99,0,0.154,7.57,265,71.4,0.1,,
37,1996-05-09,14:16:53,7.66,7.91,0.4,0.143,7.56,266,69.3,0.1,,
50,1996-05-09,14:35:33,9.03,12.06,0,1.031,7.67,261,109.6,0.5,,
50,1996-05-09,14:36:00,8.95,11.99,0.2,1.032,7.72,260,108.7,0.5,,
60,1996-05-09,14:55:38,10.24,8.28,0,0.164,7.79,265,77.1,0.1,,
60,1996-05-09,14:56:33,7.77,7.23,0.2,0.161,7.69,269,63.5,0.1,,
86,1996-05-09,10:55:34,5.69,10.72,0,0.249,7.67,248,89.4,0.1,,
86,1996-05-09,10:56:04,5.52,10.59,0.4,0.253,7.72,250,87.9,0.1,,
90,1996-05-09,10:21:35,5.44,10.34,0,3.54,8.06,248,86.7,1.9,,
90,1996-05-09,10:22:17,5.61,9.86,0.2,3.56,8.06,192,83.1,1.9,,
109,1996-05-09,13:39:58,8.11,9.65,0,0.266,7.39,261,85.5,0.1,,
109,1996-05-09,13:40:20,8.1,9.56,0.2,0.265,7.39,261,84.6,0.1,,
6642,1996-05-09,9:41:21,4.13,12.71,0.1,0.561,8.23,280,101.9,0.3,,
6642,1996-05-09,9:42:02,4.11,12.47,0.3,0.563,8.23,276,100,0.3,,
1A,1996-05-09,11:37:16,5.92,11.52,0.6,0.966,8.08,267,96.9,0.5,,
1A,1996-05-09,11:37:31,5.92,11.46,0.6,0.965,8.08,267,96.4,0.5,,
1B,1996-05-09,12:10:18,7.33,11.52,0,0.96,8.11,266,100.3,0.5,,
1B,1996-05-09,12:11:19,7.2,11.28,0.6,0.958,8.13,266,97.9,0.5,,
25,1996-06-10,16:19:09,23.54,3.39,0,0.891,7.81,322,42.4,0.5,,
25,1996-06-10,16:19:49,23.37,3.09,0.6,0.892,7.73,272,38.5,0.5,,
37,1996-06-10,17:20:46,26.24,5.8,0,0.169,7.82,296,76,0.1,,
37,1996-06-10,17:21:58,20.17,0.95,0.5,0.181,7.41,281,11.1,0.1,,
50,1996-06-10,16:56:11,25.48,8.03,0,1.99,8.04,231,104.4,1.1,,
50,1996-06-10,16:57:06,24.65,5.78,0.4,2.06,7.92,130,74.2,1.1,,
4857,1996-06-10,14:45:34,23.1,6.22,0,0.823,7.87,243,77.2,0.4,,
4857,1996-06-10,14:46:00,23.1,6.17,0.4,0.823,7.85,200,76.5,0.4,,
1A,1996-06-10,15:12:05,22.25,7.73,0,1.144,8.06,315,94.3,0.6,,
1A,1996-06-10,15:12:43,22.28,7.58,0.7,1.133,8.04,315,92.6,0.6,,
1B,1996-06-10,15:37:14,22.46,8.61,0,1.13,8.17,325,105.6,0.6,,
1B,1996-06-10,15:38:01,22.33,8.75,0.5,1.134,8.14,288,107,0.6,,
60,1996-06-11,9:32:28,18.08,1.93,0,0.213,7.23,325,21.7,0.1,,
60,1996-06-11,9:33:07,17.71,1.11,0.1,0.208,6.99,312,12.3,0.1,,
65,1996-06-11,10:14:04,21.01,7.54,0,1.78,8.44,282,90.1,0.9,,
65,1996-06-11,10:14:25,21.03,7.46,0.5,1.78,8.44,264,89.2,0.9,,
66,1996-06-11,10:21:37,20.92,6.61,0,14.9,8.77,203,82.8,8.7,,
66,1996-06-11,10:22:10,20.91,6.5,0.3,15.3,8.78,157,81.6,8.9,,
67,1996-06-11,9:59:59,21.36,2.83,0,3,7.78,272,34.2,1.6,,
67,1996-06-11,10:00:29,21.34,2.65,0.5,3.01,7.8,203,32,1.6,,
86,1996-06-11,12:37:36,20.49,3.4,0,0.334,7.94,275,40,0.2,,
86,1996-06-11,12:38:10,20.24,2.65,0.5,0.33,7.71,279,31,0.2,,
90,1996-06-11,12:13:56,21.84,3.41,0,5.84,7.93,129,42.1,3.2,,
90,1996-06-11,12:14:23,21.85,3.1,0.1,5.84,7.93,123,38.2,3.2,,
109,1996-06-11,11:12:13,21.19,4.1,0,0.309,7.74,158,48.9,0.2,,
109,1996-06-11,11:12:56,20,2.43,0.2,0.309,7.45,159,28.3,0.2,,
6642,1996-06-11,11:37:56,21.4,6.09,0,0.754,7.84,277,73.1,0.4,,
6642,1996-06-11,11:37:59,21.38,6.09,0.4,0.755,7.83,277,73,0.4,,
6642,1996-06-11,11:38:20,21.38,6.06,0.4,0.752,7.82,269,72.6,0.4,,
Gursky,1996-06-11,13:06:48,20.7,7.19,0.6,0.714,8.64,274,85,0.4,,
25,1996-07-09,15:19:21,22.32,4.43,0,1.174,7.82,358,53.9,0.6,,
25,1996-07-09,15:20:21,21.63,2.89,0.5,1.178,7.72,355,34.7,0.6,,
37,1996-07-09,15:50:28,22.01,2.7,0,0.249,7.64,337,32.5,0.1,,
37,1996-07-09,15:51:41,20.47,1.27,0.4,0.252,7.35,333,14.9,0.1,,
50,1996-07-09,16:09:01,25.2,7.7,0,2.85,7.83,303,99.5,1.5,,
50,1996-07-09,16:09:32,24.44,7.48,0.2,2.84,7.86,272,95.3,1.5,,
60,1996-07-09,16:35:18,20.54,5.58,0,0.237,7.56,305,65.3,0.1,,
60,1996-07-09,16:35:47,18.16,4.43,0.2,0.243,7.29,296,49.4,0.1,,
4857,1996-07-09,14:22:57,20.98,5.22,0,0.927,7.77,359,61.8,0.5,,
4857,1996-07-09,14:23:34,20.71,4.76,0.5,0.929,7.73,358,56,0.5,,
1A,1996-07-09,14:46:30,21.08,12.63,0,1.52,8.32,336,150.2,0.8,,
1A,1996-07-09,14:46:57,21.05,12.64,0.6,1.54,8.32,331,150.2,0.8,,
1B,1996-07-09,14:58:18,21.68,12.64,0,1.56,8.38,337,152,0.8,,
1B,1996-07-09,14:59:27,21.63,12.94,0.7,1.5,8.4,336,155.5,0.8,,
65,1996-07-10,10:41:20,18.92,2.53,0,2.28,8.29,230,28.8,1.2,,
65,1996-07-10,10:41:49,18.95,2.31,0.5,2.27,8.15,171,26.4,1.2,,
66,1996-07-10,10:35:34,18.18,10,0.1,15.7,9.75,214,118.4,9.2,,
66,1996-07-10,10:36:36,18.2,9.85,0.4,15.7,9.76,196,116.6,9.2,,
67,1996-07-10,10:26:01,18.99,5.26,0,3.47,7.96,267,60.4,1.9,,
67,1996-07-10,10:27:03,18.98,4.26,0.4,3.48,7.98,160,48.9,1.9,,
86,1996-07-10,10:06:38,17.06,2.14,0.1,0.39,7.81,178,23.4,0.2,,
86,1996-07-10,10:07:12,17.03,1.41,0.5,0.368,7.63,184,15.4,0.2,,
90,1996-07-10,9:55:00,18.45,4.49,0,6.97,8.19,112,51.7,3.9,,
90,1996-07-10,9:55:26,18.45,4.14,0.2,6.97,8.23,93,47.7,3.9,,
109,1996-07-10,9:14:31,16.24,3.78,0,0.308,7.07,290,40.5,0.1,,
109,1996-07-10,9:15:19,16.24,0.94,0.3,0.309,6.96,276,10,0.2,,
6642,1996-07-10,9:40:38,17.82,3.35,0.1,0.864,7.63,301,37.2,0.4,,
6642,1996-07-10,9:41:02,17.81,3.16,0.4,0.867,7.61,274,35.1,0.5,,
Gursky,1996-07-10,11:25:15,19.24,5.18,0,0.819,8.56,268,59.3,0.4,,
Gursky,1996-07-10,11:25:36,19.26,5.09,0.7,0.814,8.55,268,58.2,0.4,,
25,1996-08-13,14:12:22,19.9,2.59,0,3.42,7.77,369,32.2,1.9,,
25,1996-08-13,14:12:47,19.84,2.49,0.1,3.55,7.77,369,30.9,1.9,,
37,1996-08-13,15:21:07,21.36,4.87,0,0.36,7.71,353,61.7,0.2,,
37,1996-08-13,15:21:48,20.49,4.1,0.4,0.352,7.59,354,51.1,0.2,,
50,1996-08-13,14:55:51,21.19,9.73,0.1,3.79,8.14,352,124.5,2.1,,
50,1996-08-13,14:56:18,21.12,9.72,0.3,3.64,8.13,352,124.1,2,,
60,1996-08-13,15:49:20,22.82,5.25,0,0.285,7.37,375,68.4,0.1,,
60,1996-08-13,15:50:05,19.04,2.5,0.1,0.319,7.02,357,30.2,0.2,,
4857,1996-08-13,13:10:52,19.62,7.95,0,1.009,8.56,414,97.6,0.5,,
4857,1996-08-13,13:11:27,19.6,8.06,0.4,1.012,8.57,404,98.9,0.5,,
1A,1996-08-13,13:29:20,19.88,7.84,0,0.63,8,379,96.6,0.3,,
1A,1996-08-13,13:30:01,19.67,8.05,0.7,1.68,7.95,382,99.2,0.9,,
1B,1996-08-13,13:47:58,20.16,6.06,0,0.841,7.97,365,75.1,0.4,,
1B,1996-08-13,13:48:34,20.1,5.78,0.6,1.7,7.94,363,71.8,0.9,,
25A,1996-08-13,14:27:22,20.19,4.01,0,1.408,7.87,362,49.8,0.7,,
25A,1996-08-13,14:28:03,20.14,3.93,0.5,1.417,7.82,365,48.8,0.7,,
Gursky,1996-08-13,16:11:33,20.07,8.38,0,0.842,8.72,323,103.8,0.4,,
Gursky,1996-08-13,16:12:30,19.71,7.16,0.7,0.842,8.7,324,87.9,0.4,,
65,1996-08-14,9:28:48,19.39,6.5,0.1,0.93,8.16,350,79.4,0.5,,
65,1996-08-14,9:29:39,19.16,6.29,0.6,2.7,8.15,349,77,1.5,,
66,1996-08-14,9:39:14,18.44,6.32,0.1,18.8,10.04,290,81,11.1,,
66,1996-08-14,9:39:55,18.45,6.25,0.3,19.3,10.04,289,80.3,11.4,,
67,1996-08-14,9:16:27,19.38,3.74,0.1,4,8.08,363,46.2,2.2,,
67,1996-08-14,9:16:50,19.21,3.58,0.6,4.09,8.08,360,44.1,2.2,,
86,1996-08-14,11:09:24,17.71,5.66,0,0.428,7.96,198,66.7,0.2,,
86,1996-08-14,11:10:14,16.8,4,0.5,0.442,7.57,204,46.2,0.2,,
90,1996-08-14,10:40:18,20.12,3.02,0.1,9.41,8.13,297,38.6,5.3,,
90,1996-08-14,10:41:21,19.22,2.56,0.2,9.47,8.12,246,32.1,5.3,,
106,1996-08-14,11:31:48,16.58,3.1,0,0.392,7.53,243,35.7,0.2,,
106,1996-08-14,11:32:37,16.26,2.34,0.3,0.383,7.25,235,26.7,0.2,,
6642,1996-08-14,10:15:12,19.38,3.25,0.1,1.059,8.17,292,39.8,0.6,,
6642,1996-08-14,10:16:42,19,2.09,0.3,1.048,7.98,259,25.3,0.5,,
25,1996-09-18,14:25:51,13.93,7.44,0,1.502,8.13,320,75.9,0.8,,
25,1996-09-18,14:26:08,13.85,7.41,0.6,1.52,8.12,317,75.4,0.8,,
37,1996-09-18,14:57:23,14.65,10.1,0,0.386,7.8,294,104.2,0.2,,
37,1996-09-18,14:58:08,14.43,8.54,0.3,0.393,7.73,296,87.6,0.2,,
50,1996-09-18,15:13:36,14.65,8.66,0,4.34,8.1,323,90.6,2.4,,
50,1996-09-18,15:14:12,14.65,8.4,0.2,4.35,8.1,314,87.9,2.4,,
90,1996-09-18,16:09:21,15.48,8.91,0,10.52,8.35,219,97.2,6,,
90,1996-09-18,16:09:48,15.43,8.58,0.1,10.54,8.37,204,93.5,6,,
109,1996-09-18,15:47:46,13.83,5.8,0,0.401,7.82,297,58.8,0.2,,
4857,1996-09-18,13:16:47,13.63,9.5,0,1.057,8.49,286,96.1,0.6,,
4857,1996-09-18,13:17:34,13.65,9.18,0.3,1.061,8.51,189,92.8,0.6,,
1A,1996-09-18,13:34:18,14.03,12.23,0,1.61,8.54,258,125,0.9,,
1A,1996-09-18,13:34:55,13.96,11.96,0.6,1.67,8.54,218,122.1,0.9,,
1B,1996-09-18,13:45:41,13.88,10.11,0,1.65,8.47,272,103.1,0.9,,
1B,1996-09-18,13:46:13,13.86,10.42,0.7,1.68,8.46,265,106.2,0.9,,
Gursky,1996-09-18,16:41:18,14.6,6.86,0,0.838,8.5,274,70.8,0.4,,
Gursky,1996-09-18,16:45:35,14.63,6.7,0.3,0.837,8.48,285,69.2,0.4,,
65,1996-09-19,11:13:20,13.35,5.62,0,2.97,8.07,199,56.9,1.6,,
65,1996-09-19,11:13:50,13.33,5.84,0.4,2.8,8.1,183,59,1.5,,
66,1996-09-19,11:04:20,13.15,6.18,0,21,8.7,113,66.9,12.5,,
66,1996-09-19,11:04:46,13.14,5.89,0.2,21.1,8.7,106,63.6,12.6,,
67,1996-09-19,10:50:01,13.14,6.84,0,4.14,8.57,250,69.2,2.3,,
67,1996-09-19,10:50:19,13.15,6.9,0.2,4.19,8.58,246,69.8,2.3,,
86,1996-09-19,10:30:36,12.29,2.79,0,0.436,7.35,192,27.4,0.2,,
86,1996-09-19,10:30:48,12.31,2.78,0.1,0.447,7.33,192,27.2,0.2,,
6642,1996-09-19,10:14:44,13.12,2.26,0,1.161,7.84,294,22.6,0.6,,
6642,1996-09-19,10:15:02,13.12,2.11,0.2,1.162,7.84,290,21.1,0.6,,
25,1996-10-15,15:18:19,8.58,8.52,0.1,1.63,8.11,275,78.9,0.9,,
25,1996-10-15,15:18:36,8.65,8.45,0.5,1.63,8.1,275,78.3,0.9,,
37,1996-10-15,16:53:56,9.34,7.24,0,0.426,7.83,293,67.9,0.2,,
37,1996-10-15,16:54:15,9.37,7.17,0.2,0.438,7.78,294,67.3,0.2,,
50,1996-10-15,16:32:24,9.19,7.66,0,4.95,8.27,260,72.9,2.7,,
50,1996-10-15,16:32:43,9.19,7.52,0.2,5.01,8.23,259,71.5,2.7,,
65,1996-10-15,15:55:53,8.91,11.05,0,2.98,8.37,267,103.6,1.6,,
65,1996-10-15,15:56:14,8.91,10.96,0.5,3.08,8.36,257,102.7,1.7,,
66,1996-10-15,16:05:49,9.68,9.55,0,22.6,8.44,249,98.6,13.6,,
66,1996-10-15,16:06:10,9.67,9.53,0.2,22.9,8.49,190,98.5,13.8,,
67,1996-10-15,15:40:56,8.73,10.38,0.1,4.48,8.61,273,97.5,2.5,,
67,1996-10-15,15:41:27,8.71,10.65,0.5,4.48,8.62,257,100,2.5,,
4857,1996-10-15,14:25:21,8.2,9.5,0,1.106,8.56,291,86.9,0.6,,
4857,1996-10-15,14:25:39,8.2,9.46,0.3,1.11,8.56,283,86.6,0.6,,
1A,1996-10-15,14:37:59,9.55,12.24,0,1.72,8.32,183,115.9,0.9,,
1A,1996-10-15,14:38:23,9.55,12.19,0.6,1.75,8.32,141,115.5,0.9,,
1B,1996-10-15,14:55:01,8.68,8.8,0,1.84,8.01,248,81.7,1,,
1B,1996-10-15,14:55:19,8.68,8.76,0.6,1.69,8.02,244,81.2,0.9,,
Gursky,1996-10-15,17:24:13,9.03,13.05,0,0.878,8.45,293,121.7,0.5,,
Gursky,1996-10-15,17:24:29,9.03,13.02,0.7,0.887,8.46,293,121.4,0.5,,
86,1996-10-16,10:55:08,3.63,4.67,0,0.511,7.54,208,38,0.3,,
86,1996-10-16,10:55:26,3.63,4.59,0.1,0.512,7.52,209,37.3,0.3,,
90,1996-10-16,10:39:17,3.25,5.4,0,12.25,7.97,102,45.6,7,,
90,1996-10-16,10:39:31,3.25,5.44,0.1,12.26,7.99,105,45.9,7,,
109,1996-10-16,11:16:11,3.18,3.91,0,0.394,7.35,207,31.4,0.2,,
6642,1996-10-16,10:23:23,4.2,4.67,0,1.278,7.58,99,38.7,0.7,,
6642,1996-10-16,10:23:44,4.28,4.44,0.2,1.276,7.58,96,36.9,0.7,,
1,1997-04-01,12:53:00,3.14,6.38,0,1.432,7.76,320,50.6,0.8,,
1,1997-04-01,12:54:00,3.21,5.88,0.5,1.461,7.64,321,46.7,0.8,,
25,1997-04-01,13:34:00,5.27,10.33,0,1.06,7.87,322,86.5,0.6,,
25,1997-04-01,13:34:00,4.14,9.98,0.5,1.11,7.8,324,81.1,0.6,,
37,1997-04-01,13:57:00,10.66,9.01,0,0.143,8.05,311,85.7,0.1,,
37,1997-04-01,13:57:00,9.23,8.98,0.5,0.147,7.96,314,82.6,0.1,,
50,1997-04-01,14:18:00,10.04,10.77,0,1.479,7.81,300,101.4,0.8,,
50,1997-04-01,14:19:00,7.31,11.39,0.4,1.47,7.89,283,100.5,0.8,,
60,1997-04-01,15:16:00,9.3,12.21,0,165,7.81,305,112.4,0.1,,
60,1997-04-01,15:17:00,7.64,10.54,0.6,168,7.75,308,93.3,0.1,,
65,1997-04-01,12:02:00,6,8.82,0,1.86,7.59,329,75.4,1,,
65,1997-04-01,12:03:00,5.7,8.35,0.5,1.83,7.62,326,70.9,1,,
66,1997-04-01,12:11:00,6.66,11.21,0,6.46,8.14,313,99.2,3.6,,
66,1997-04-01,12:12:00,6.79,11.13,0.2,6.37,8.21,311,98.8,3.5,,
67,1997-04-01,12:31:00,6046,9.6,0,0.863,7.97,316,82.7,0.4,,
67,1997-04-01,11:32:00,6.21,9.61,0.4,2.48,7.97,317,82.8,1.3,,
86,1997-04-01,11:44:00,7.76,8.33,0,0.25,7.86,316,73.9,0.1,,
86,1997-04-01,11:46:00,6.38,7.69,0.7,0.259,7.7,317,65.9,0.1,,
90,1997-04-01,11:22:00,7.66,10.62,0,0.796,7.82,324,94.3,0.4,,
90,1997-04-01,11:23:00,7.66,10.33,0.4,0.785,7.75,328,91.6,0.4,,
4857,1997-04-01,13:17:00,8.08,11.35,0,0.544,8.1,304,101.7,0.3,,
4857,1997-04-01,13:18:00,8.07,11.17,0.5,0.544,8.08,304,100,0.3,,
Gursky,1997-04-01,10:53:00,3.5,15.26,0,0.494,8.66,336,121.6,0.2,,
Gursky,1997-04-01,10:54:00,3.53,14.68,0.4,0.525,8.63,337,117.1,0.3,,
1,1997-05-01,11:31:00,8.29,10.24,0,0.673,8.58,334,91.6,0.3,,
1,1997-05-01,11:32:00,8.39,9.96,1,1.8,8.58,331,89.6,1,,
25,1997-05-01,13:12:00,9.05,10.47,0,1.374,8.21,328,95.6,0.7,,
25,1997-05-01,13:13:00,7.4,10.32,0.7,1.398,8.21,330,90.6,0.7,,
37,1997-05-01,13:30:00,9.7,8.3,0,0.112,8.17,329,76.6,0,,
37,1997-05-01,13:32:00,8.85,7.84,0.6,0.272,8,332,71,0.1,,
50,1997-05-01,13:58:00,10.8,9.31,0,2.76,7.91,352,89,1.5,,
50,1997-05-01,13:59:00,8.1,10.1,0.5,2.76,7.99,350,90.6,1.5,,
60,1997-05-01,14:17:00,7.35,6.45,0,0.234,8.01,316,56.3,0.1,,
60,1997-05-01,14:19:00,7.27,6,0.6,0.236,7.82,318,52.3,0.1,,
65,1997-05-01,11:09:00,6.48,10.96,0,2.52,8.48,350,94.4,1.4,,
65,1997-05-01,11:12:00,6.41,11,0.5,2.51,8.5,343,94.6,1.4,,
66,1997-05-01,10:59:00,6.33,11.61,0,3.63,8.74,360,100.1,2,,
66,1997-05-01,11:00:00,6.33,11.23,0.4,10.28,8.75,360,99.4,5.8,,
67,1997-05-01,10:40:00,7.33,10.43,0,1.416,8.45,391,91.4,0.7,,
67,1997-05-01,10:42:00,7.28,10.1,0.6,3.82,8.5,385,89.2,2.1,,
86,1997-05-01,12:21:00,6.74,9.97,0,0.36,8.16,321,85.7,0.2,,
86,1997-05-01,12:23:00,6.21,9.35,0.8,0.364,8,311,79.3,0.2,,
90,1997-05-01,11:57:00,7.92,10.24,0,1.241,8.25,341,90.9,0.7,,
90,1997-05-01,11:58:00,7.66,10.19,0.7,1.248,8.19,343,89.9,0.7,,
4857,1997-05-01,10:23:00,6,10.92,0,0.778,7.99,440,92.3,0.4,,
4857,1997-05-01,10:26:00,6.03,10.66,0.4,0.779,7.89,438,90.2,0.4,,
Gursky,1997-05-01,14:41:00,11.22,11.75,0,0.279,8.66,308,112.5,0.1,,
Gursky,1997-05-01,14:42:00,11.14,11.69,0.8,0.819,8.69,307,111.8,0.4,,
1,1997-06-01,10:22:00,19.9,8.5,0,1.86,8.29,331,99,1,,
1,1997-06-01,10:22:00,19.92,8.25,0.7,1.71,8.32,316,96.1,0.9,,
25,1997-06-01,10:41:00,19.77,4.92,0,1.499,7.85,334,57,0.8,,
25,1997-06-01,10:41:00,19.78,4.79,0.7,1.5,7.82,332,55.6,0.8,,
37,1997-06-01,10:54:00,19.47,1.75,0,0.332,7.7,330,20.1,0.2,,
37,1997-06-01,10:54:00,19.42,1.55,0.4,0.333,7.46,332,17.8,0.2,,
50,1997-06-01,11:15:00,19.37,2,0,1.056,7.54,321,23,0.6,,
50,1997-06-01,11:15:00,19.25,1.49,0.6,3.21,7.54,304,17.3,1.7,,
60,1997-06-01,11:30:00,18.17,1.64,0,0.252,7.4,284,18.3,0.1,,
60,1997-06-01,0:11:00,18.03,1.1,0.6,0.255,7.18,0.282,12.3,0.1,,
65,1997-06-01,12:35:00,19.18,6.43,0,0.859,8.32,298,73.5,0.4,,
65,1997-06-01,12:35:00,19.21,6.24,0.4,2.6,8.32,297,71.8,1.4,,
66,1997-06-01,12:16:00,18.94,8.35,0,11.4,8.62,303,98.9,6.5,,
66,1997-06-01,12:16:00,18.92,8.44,0.4,11.29,8.64,301,99.9,6.4,,
67,1997-06-01,12:03:00,19.78,1.81,0,3.99,7.74,304,21.2,2.2,,
67,1997-06-01,12:03:00,19.78,1.66,0.5,4.06,7.79,298,19.5,2.2,,
86,1997-06-01,13:10:00,18.31,4,0,0.405,7.68,306,44.8,0.2,,
86,1997-06-01,13:10:00,17.88,3.31,0.6,0.418,7.49,307,36.8,0.2,,
90,1997-06-01,12:55:00,20.18,4.99,0,0.503,7.86,313,58.2,0.3,,
90,1997-06-01,12:55:00,20.2,4.78,0.8,1.52,7.77,311,55.9,0.8,,
4857,1997-06-01,10:00:00,19.26,8.31,0,0.858,7.85,361,95.2,0.4,,
4857,1997-06-01,10:00:00,19.28,8.09,0.3,0.859,7.86,353,92.7,0.4,,
Gursky,1997-06-01,13:30:00,20.56,9.64,0,0.799,8.56,317,113.3,0.4,,
Gursky,1997-06-01,13:30:00,20.48,9.6,0.6,0.802,8.58,314,112.7,0.4,,
1,1997-07-01,12:06:00,24.53,7.04,0,1.11,8.53,156,89.6,0.6,,
1,1997-07-01,12:07:00,24.54,6,0.4,1.73,8.51,118,76.6,0.9,,
25,1997-07-01,9:42:00,23.22,6.22,0,1.63,7.97,330,77.6,0.9,,
25,1997-07-01,9:44:00,23.23,6.15,0.7,1.63,7.98,322,76.8,0.9,,
37,1997-07-01,10:02:00,23.16,1.95,0,0.409,7.29,316,24.2,0.2,,
37,1997-07-01,10:04:00,22.86,1.74,0.4,0.41,7.22,315,21.4,0.2,,
50,1997-07-01,10:26:00,23.75,5.72,0,3.81,7.83,62,72.8,2.1,,
50,1997-07-01,10:27:00,23.49,4.62,0.2,3.86,7.77,21,58.4,2.1,,
60,1997-07-01,10:44:00,21.84,2.56,0,0.347,7.3,203,31,0.2,,
60,1997-07-01,10:46:00,19.95,0.72,0.3,0.36,7.12,190,8.4,0.2,,
65,1997-07-01,11:16:00,23.93,2.63,0,2.86,7.92,172,33.4,1.5,,
65,1997-07-01,11:19:00,23.96,2.51,0.5,2.98,7.89,104,32,1.6,,
66,1997-07-01,11:06:00,23.81,8.36,0,13.39,8.96,193,110.2,7.7,,
66,1997-07-01,11:08:00,23.81,8.22,0.2,13.48,8.97,191,108.5,7.8,,
67,1997-07-01,11:34:00,24.27,3.44,0,4.47,7.9,214,44.3,2.4,,
67,1997-07-01,11:35:00,24.37,3.33,0.5,4.48,7.9,206,43,2.5,,
86,1997-07-01,12:13:00,23.79,5.96,0,0.496,7.58,228,74.9,0.3,,
86,1997-07-01,12:14:00,21.21,1.94,0.4,0.493,7.31,184,23.2,0.2,,
90,1997-07-01,11:54:00,24.73,5.76,0,1.95,7.85,228,74.1,1,,
90,1997-07-01,11:55:00,24.73,5.59,0.7,1.95,7.83,229,71.9,1,,
4857,1997-07-01,11:07:00,23.59,8.59,0,0.93,8.48,316,107.4,0.5,,
4857,1997-07-01,11:08:00,23.6,8.67,0.7,0.932,8.49,314,108.4,0.5,,
Gursky,1997-07-01,12:32:00,23.96,7.45,0,0.837,8.37,224,94,0.4,,
Gursky,1997-07-01,12:33:00,23.14,7,0.8,0.838,8.36,223,87.1,0.4,,
1,1997-08-01,11:35:00,19.33,6.45,0,1.74,8.67,370,74.3,0.9,,
1,1997-08-01,11:36:00,19.28,6.22,0.6,1.75,8.66,360,71.6,0.9,,
25,1997-08-01,13:06:00,21.33,8.59,0,1.74,8.38,319,102.9,0.9,,
25,1997-08-01,13:07:00,20.17,8.61,0.6,1.7,8.36,248,100.8,0.9,,
37,1997-08-01,13:23:00,21.27,4.69,0,0.447,7.48,337,55.9,0.2,,
37,1997-08-01,13:25:00,21.18,4.07,0.4,0.45,7.36,343,48.4,0.2,,
50,1997-08-01,13:41:00,21.18,8.97,0,4.24,8.04,347,108.2,2.3,,
50,1997-08-01,13:43:00,20.76,8.59,0.3,4.25,8.04,347,102.7,2.3,,
60,1997-08-01,13:57:00,21.6,6.03,0,0.391,7.28,342,72.2,0.2,,
60,1997-08-01,13:59:00,20.91,6.18,0.1,0.402,7.19,347,73.1,0.2,,
65,1997-08-01,12:39:00,20.59,9.68,0,3.17,8.21,300,114.9,1.7,,
65,1997-08-01,12:40:00,20.57,9.72,0.1,3.13,8.19,303,115.4,1.7,,
66,1997-08-01,12:29:00,20.59,10.16,0,15.1,8.99,308,126.2,8.8,,
66,1997-08-01,12:30:00,20.59,10.07,0.3,15.1,9.01,307,125.1,8.8,,
67,1997-08-01,12:11:00,20.09,7.96,0,4.78,8.25,308,94.1,2.6,,
67,1997-08-01,12:12:00,20.08,7.74,0.4,4.76,8.25,311,91.5,2.6,,
86,1997-08-01,14:29:00,21.75,10.39,0,0.509,7.75,347,124.9,0.3,,
86,1997-08-01,14:31:00,21.54,10.01,0.2,0.508,7.67,352,119.9,0.3,,
90,1997-08-01,14:14:00,21.63,5.89,0,2.41,7.73,353,71.2,1.3,,
90,1997-08-01,14:15:00,20.77,4.65,0.8,2.46,7.68,354,55.2,1.3,,
4857,1997-08-01,11:56:00,20.8,12,0,0.945,9.22,279,141.8,0.5,,
4857,1997-08-01,11:59:00,20.21,8.76,0.2,0.947,9.18,202,102.4,0.5,,
Gursky,1997-08-01,14:50:00,20.16,11.77,0,0.8,8.9,324,137.3,0.4,,
Gursky,1997-08-01,14:51:00,19.95,10.88,0.6,0.801,8.91,323,126.4,0.4,,
1,1997-09-01,13:33:00,11.8,10.74,0,1.83,8.42,355,106.2,1,,
1,1997-09-01,13:34:00,11.77,10.01,0.7,1.88,8.38,351,98.9,1,,
25,1997-09-01,15:33:00,12.08,10.73,0,1.79,8.57,328,106.8,1,,
25,1997-09-01,15:34:00,12.08,11.24,0.6,1.81,8.63,312,111.9,1,,
37,1997-09-01,15:21:00,12.47,6.81,0,0.445,7.93,355,68,0.2,,
37,1997-09-01,15:22:00,12.57,7.03,0.3,0.444,7.83,363,70.4,0.2,,
50,1997-09-01,15:05:00,11.81,2.13,0,4.7,8.3,370,21.3,2.6,,
50,1997-09-01,15:06:00,11.83,1.6,0.4,4.71,8.31,369,16,2.6,,
60,1997-09-01,14:53:00,14.78,12.16,0,0.361,8.27,359,127.8,0.2,,
65,1997-09-01,14:12:00,11.11,10.57,0,1.398,8.46,351,102.7,0.7,,
65,1997-09-01,14:12:00,11.16,10.43,0.4,3.47,8.45,352,102.3,1.9,,
66,1997-09-01,14:03:00,11.08,9.93,0,6.2,8.01,365,98.3,3.5,,
66,1997-09-01,14:04:00,11.09,9.24,0.3,17,8.07,366,95.5,10,,
67,1997-09-01,13:50:00,11.85,12.23,0,3.67,8.84,346,122,2,,
67,1997-09-01,13:51:00,11.88,11.65,0.4,5,8.86,345,116.9,2.7,,
86,1997-09-01,14:41:00,13.13,14.13,0,0.434,8.52,346,143.3,0.2,,
86,1997-09-01,14:42:00,13.19,13.95,0.3,0.428,8.49,349,141.6,0.2,,
90,1997-09-01,14:28:00,12.54,11.48,0,2.74,8.26,357,115.9,1.5,,
90,1997-09-01,14:29:00,12.54,10.85,0.5,3.02,8.23,359,109.6,1.6,,
4857,1997-09-01,13:20:00,11.5,10.98,0,0.911,9.13,351,107.5,0.5,,
4857,1997-09-01,13:21:00,11.36,10.8,0.2,1.043,9.12,347,105.4,0.5,,
Gursky,1997-09-01,16:16:00,12.68,11.26,0,0.847,8.84,333,113.2,0.4,,
Gursky,1997-09-01,16:17:00,12.57,10.89,0.8,0.856,8.82,334,109.2,0.4,,
1,1997-10-01,13:37:00,3.28,13.77,0,1.8,8.12,372,110.5,1,,
1,1997-10-01,13:39:00,3.48,13.1,0.8,1.8,8.07,371,105.6,1,,
25,1997-10-01,15:10:00,3.7,14.13,0,1.84,8.83,322,114.6,1,,
25,1997-10-01,15:11:00,3.63,13.87,0.6,1.85,8.83,319,112.3,1,,
37,1997-10-01,14:44:00,5.77,10.05,0,0.456,8.35,338,85.5,0.2,,
37,1997-10-01,14:45:00,5.75,9.5,0.3,0.458,8.21,343,80.8,0.2,,
50,1997-10-01,14:58:00,4.25,12.74,0,4.93,8.35,354,106.1,2.7,,
50,1997-10-01,14:59:00,4.21,12.42,0.5,4.91,8.38,353,103.4,2.7,,
65,1997-10-01,14:16:00,3.63,13.31,0,3.3,8.71,333,108.4,1.8,,
65,1997-10-01,14:17:00,3.65,12.82,0.4,3.54,8.66,335,104.5,1.9,,
66,1997-10-01,14:06:00,4.66,11.52,0,18.2,7.95,360,102.5,10.7,,
66,1997-10-01,14:08:00,4.58,11.34,0.4,18.9,8.34,353,101,11.2,,
67,1997-10-01,13:54:00,3.5,13.01,0,5.16,8.95,352,106.4,2.8,,
67,1997-10-01,13:55:00,3.53,12.9,0.6,5.22,8.97,350,105.6,2.9,,
86,1997-10-01,15:40:00,8.89,8.59,0,0.487,8.31,331,79,0.2,,
90,1997-10-01,15:28:00,3.68,12.68,0,3.27,8.36,339,103.4,1.8,,
90,1997-10-01,15:29:00,3.56,11.93,0.7,3.28,8.34,340,97,1.8,,
4857,1997-10-01,14:29:00,3.96,15.21,0,1.107,9.16,311,123.8,0.6,,
4857,1997-10-01,14:31:00,3.85,14.58,0.3,1.093,9.18,312,118.4,0.6,,
Gursky,1997-10-01,15:55:00,5.27,14.39,0,0.874,8.84,330,121.1,0.5,,
Gursky,1997-10-01,15:56:00,5.21,13.73,0.8,0.873,8.9,328,115.4,0.5,,
1,1998-05-06,10:16:14,11.09,9.41,0,1702,8.35,169,,,,
1,1998-05-06,10:17:06,11.05,9.02,0.9,1708,8.36,159,,,,
15,1998-05-06,10:06:39,9.75,8.86,0,276,8.39,358,,,,
15,1998-05-06,10:07:24,9.54,8.34,0.6,276,8.28,346,,,,
25,1998-05-06,11:41:40,10.77,8.66,0,1569,8.23,200,,,,
25,1998-05-06,11:42:27,10.76,8.44,0.7,1569,8.25,163,,,,
37,1998-05-06,11:29:30,11.61,9.02,0,335,8.14,324,,,,
37,1998-05-06,11:30:09,11.38,8.54,0.2,336,8.1,322,,,,
50,1998-05-06,11:17:12,10.57,8.83,0,4090,8.2,263,,,,
50,1998-05-06,11:18:06,10.61,8.6,0.4,4099,8.21,249,,,,
60,1998-05-06,11:07:32,10.29,10.05,0,309,7.67,310,,,,
65,1998-05-06,12:35:43,10.56,8.68,0,2889,8.16,313,,,,
65,1998-05-06,12:36:45,10.57,8.61,0.4,2866,8.15,306,,,,
66,1998-05-06,12:13:35,10.87,9.25,0,28600,8.26,160,,,,
66,1998-05-06,12:14:15,10.83,9.17,0.2,28600,8.27,177,,,,
67,1998-05-06,12:05:00,11.01,11.58,0,4363,8.52,290,,,,
67,1998-05-06,12:05:58,10.53,11.67,0.5,4373,8.59,277,,,,
80,1998-05-06,12:58:22,11.28,8.21,0,3485,7.84,330,,,,
80,1998-05-06,12:59:07,10.75,7.94,0.8,3547,7.87,326,,,,
86,1998-05-06,13:11:55,14.39,8.58,0,448,7.76,300,,,,
90,1998-05-06,13:26:17,14.25,13.32,0,3184,8.3,376,,,,
90,1998-05-06,13:27:07,14.21,13.59,0.2,3337,8.32,369,,,,
109,1998-05-06,12:48:42,13.18,9.64,0,420,7.85,267,,,,
109,1998-05-06,12:49:37,13.17,9.67,0.2,415,7.81,252,,,,
4857,1998-05-06,10:55:21,9.49,9.32,0,777,8.3,162,,,,
4857,1998-05-06,10:56:13,9.52,8.97,0.3,777,8.29,121,,,,
5338,1998-05-06,13:39:21,11.73,9.28,0,38000,8.57,372,,,,
5338,1998-05-06,13:39:56,11.5,9.31,0.8,38000,8.59,370,,,,
1,1998-06-17,11:03:35,17.92,6.1,0,1.92,7.61,388,68.8,1,,
1,1998-06-17,11:04:46,17.92,5.09,0.2,1.92,7.6,388,57.4,1,,
25,1998-06-17,12:31:59,17.66,9.66,0,1.77,8.87,328,108.3,0.9,,
25,1998-06-17,12:32:35,17.63,9.6,0.4,1.79,8.86,323,107.6,1,,
37,1998-06-17,11:40:26,18.76,12.5,0,0.37,9.26,330,142.7,,,
50,1998-06-17,11:58:42,17.63,6.05,0,5.26,8.27,372,68.6,2.9,,
50,1998-06-17,11:59:32,17.58,5.78,0.2,5.25,8.27,371,65.5,2.9,,
65,1998-06-17,14:21:30,18.7,9.71,0,3.4,8.82,343,111.8,1.8,,
65,1998-06-17,14:22:02,18.68,9.65,0.3,3.39,8.77,343,111.2,1.8,,
66,1998-06-17,14:16:46,18.8,9.9,0,16.94,8.88,356,120.2,9.9,,
66,1998-06-17,14:17:08,18.8,9.84,0.2,19,8.89,356,120.5,11.2,,
67,1998-06-17,14:05:32,20.1,15.59,0,5.06,9.66,324,185.7,2.8,,
4857,1998-06-17,12:52:31,17.7,9.58,0,1.008,9.27,317,107.3,0.5,,
4857,1998-06-17,12:53:14,17.8,9.5,0.1,1.006,9.28,312,106.4,0.5,,
15,1998-06-18,9:44:42,15.75,7.72,0,0.276,8.52,389,82.1,0.1,,
90,1998-06-18,10:08:05,17.9,9.98,0,3.89,8.81,376,112.5,2.1,,
90,1998-06-18,10:08:39,17.9,9.91,0.5,3.89,8.83,374,111.8,2.1,,
109,1998-06-18,10:48:14,18.7,8.02,0,0.488,8.13,360,90.7,0.2,,
5338,1998-06-18,10:35:13,18,6.29,0,20.8,8.84,367,75.8,12.4,,
5338,1998-06-18,10:36:32,18.1,5.95,0.7,20.8,8.85,360,71.9,12.4,,
25,1998-07-15,10:47:15,19.16,7.52,0,1.75,8.98,378,93.2,0.9,,
25,1998-07-15,10:47:43,19.18,7.44,0.3,1.76,9,376,92.2,0.9,,
37,1998-07-15,11:13:21,21.12,12.74,0,0.3,9.36,348,163.3,0.1,,
50,1998-07-15,11:32:08,19.09,5.04,0,5.41,8.32,395,63.3,3,,
50,1998-07-15,11:32:39,18.97,5.03,0.3,5.44,8.33,389,62.9,3,,
65,1998-07-15,14:03:22,20.39,9.1,0,3.45,8.86,318,116.3,1.9,,
65,1998-07-15,14:04:14,20.46,9.26,0.2,3.46,8.86,275,118.5,1.9,,
66,1998-07-15,14:07:01,20.51,9.46,0,19.4,8.82,302,128.8,11.5,,
66,1998-07-15,14:07:32,20.46,9.52,0.1,19.5,8.84,298,129.5,11.5,,
67,1998-07-15,13:38:31,20.46,9.15,0,5.04,9.3,292,117.8,2.8,,
67,1998-07-15,13:39:50,20.04,8.41,0.3,5.07,9.27,145,107.4,2.8,,
90,1998-07-15,12:05:29,21.18,6.67,0,3.85,8.58,389,86.8,2.1,,
90,1998-07-15,12:06:34,20.98,7.5,0.5,3.82,8.61,386,97.1,2.1,,
4857,1998-07-15,12:40:49,20.77,12.61,0,1.02,9.82,359,161,0.5,,
4857,1998-07-15,12:41:50,20.81,12.61,0,1.03,9.84,320,161.1,0.5,,
5338,1998-07-15,12:27:49,20.77,3.29,0,20.8,8.69,377,45.3,12.4,,
5338,1998-07-15,12:28:31,20.44,3.3,0.6,20.9,8.7,341,45.2,12.5,,
1,1998-07-16,9:51:03,20.46,6.93,0,1.91,8.61,425,88.3,1,,
1,1998-07-16,9:51:45,20.41,6.83,0.4,1.91,8.6,424,86.8,1,,
15,1998-07-16,10:29:14,18.73,8.66,0,0.3,8.8,395,105.8,0.1,,
15,1998-07-16,10:30:09,18.32,8.55,0.1,0.3,8.74,400,103.6,0.1,,
1,1998-08-11,10:12:32,22.73,2.87,0,2.31,8.18,406,35.5,1.2,,
1,1998-08-11,10:13:05,22.48,2.68,0.1,2.31,8.17,406,33,1.2,,
15,1998-08-11,10:22:53,20.35,6.55,0,0.352,8.21,339,76.7,0.2,,
15,1998-08-11,10:24:02,20.39,6.2,0,0.366,8.07,346,72.8,0.2,,
25,1998-08-11,10:41:22,23.89,10.7,0,2.08,9.91,268,135.2,1.1,,
25,1998-08-11,10:42:10,23.96,10.57,0.1,2.08,9.96,263,133.6,1.1,,
50,1998-08-12,10:40:53,22.29,6.08,0,7.2,8.6,246,75.4,4,,
65,1998-08-12,10:28:25,22.48,7.74,0,4.59,9.47,141,95.5,2.5,,
65,1998-08-12,10:29:11,22.54,7.71,0.1,4.64,9.48,121,95.2,2.5,,
66,1998-08-12,10:23:45,21.9,2.99,0,28.2,8.78,202,39.9,17.3,,
66,1998-08-12,10:24:13,21.88,2.94,0.1,29,8.78,204,39.4,17.9,,
67,1998-08-12,10:10:36,22.25,6.34,0,6.35,9.3,222,78.3,3.5,,
67,1998-08-12,10:11:58,22.04,4.53,0,6.56,9.28,508,55.8,3.6,,
90,1998-08-12,9:38:44,23.74,4.96,0,4.94,8.57,422,62.7,2.7,,
90,1998-08-12,9:39:35,23.71,4.96,0.3,4.95,8.58,411,62.7,2.7,,
4857,1998-08-12,10:02:58,20.9,6.31,0,1.46,9.32,207,74.6,0.8,,
5338,1998-08-12,9:51:51,23.29,5,0,25.4,8.56,372,67.8,15.4,,
5338,1998-08-12,9:53:12,23.09,3.3,0.5,25.6,8.55,369,44.6,15.5,,
1,1998-09-16,10:56:27,14.98,6.14,0,2.53,8.6,306,64.6,1.4,,
1,1998-09-16,10:57:21,15,6.06,0.2,2.54,8.53,309,63.8,1.4,,
25,1998-09-16,11:13:15,13.67,8.05,0,2.35,9.77,189,82.3,1.3,,
25,1998-09-16,11:13:49,13.67,7.94,0.1,2.35,9.83,189,81.2,1.3,,
50,1998-09-16,11:29:50,13.6,2.38,0,9.3,8.6,231,24.9,5.2,,
65,1998-09-16,10:13:48,12.91,5.17,0,6.12,9.39,139,52.7,3.4,,
65,1998-09-16,10:15:09,12.84,5.05,0.3,6.12,9.4,116,51.4,3.4,,
66,1998-09-16,10:21:05,11.87,4.58,0,43.3,8.72,139,53.2,27.9,,
67,1998-09-16,10:39:25,12.66,5.2,0,7.77,9.33,153,53.1,4.3,,
67,1998-09-16,10:39:57,12.65,5.14,0.1,7.78,9.34,153,52.4,4.3,,
90,1998-09-17,10:32:52,13.74,5.32,0,5.87,8.33,455,55.3,3.2,,
90,1998-09-17,10:34:01,13.75,5.31,0.4,5.88,8.41,426,55.1,3.2,,
5338,1998-09-17,10:48:11,13.79,6.22,0,28.9,8.55,353,70.9,17.8,,
5338,1998-09-17,10:48:47,13.67,5.46,0.2,29,8.56,314,62.1,17.9,,
1,1998-10-02,12:01:53,7.85,12.31,0,2.586,8.27,305,,,,
1,1998-10-02,12:03:00,7.86,11.52,0.4,2.593,8.23,294,,,,
15,1998-10-02,11:56:00,5.02,10.73,0.2,0.346,8.62,263,,,,
25,1998-10-02,11:00:20,6.97,15,0.1,2.366,9.61,182,,,,
50,1998-10-02,10:50:15,5.84,8.57,0.3,9.506,8.3,396,,,,
65,1998-10-02,11:42:53,6.1,13.09,0.3,6.17,9.02,146,,,,
67,1998-10-02,12:28:01,7.33,13.56,0.3,7.751,8.95,218,,,,
90,1998-10-02,11:19:42,7.3,12.15,0.2,5.964,8.48,360,,,,
5338,1998-10-02,11:35:37,6.97,12.09,0,29.832,8.28,204,,,,
5338,1998-10-02,11:36:47,7,11.34,0.4,29.885,8.45,178,,,,
1,1999-04-20,10:04:18,7.16,12.5,0,2.17,7.71,493,,1.2,,
1,1999-04-20,10:05:30,7.23,12.76,0.3,2.17,7.68,490,,1.2,,
15,1999-04-20,10:15:43,7.55,15.01,0,0.204,9.64,422,,0.1,,
15,1999-04-20,10:16:34,7.4,15.53,0.2,0.204,9.67,420,,0.1,,
25,1999-04-20,10:39:01,8.99,12.31,0,1.55,8.48,407,,0.8,,
25,1999-04-20,10:39:33,9.02,11.9,0.2,1.54,8.48,392,,0.8,,
50,1999-04-20,11:48:46,8.7,12.05,0,3.36,8.66,279,,1.8,,
50,1999-04-20,11:49:11,8.77,11.82,0.1,3.36,8.63,278,,1.8,,
65,1999-04-20,11:08:51,8.37,13.16,0,2.57,8.76,209,,1.4,,
65,1999-04-20,11:09:21,8.37,12.87,0.1,2.56,8.74,209,,1.4,,
66,1999-04-20,11:05:03,8.83,13.41,0,6.88,8.66,367,,3.8,,
66,1999-04-20,11:04:08,8.83,12.64,0.1,7.01,8.65,364,,3.9,,
67,1999-04-20,10:55:18,8.29,8.61,0.1,4.37,8.08,312,,2.4,,
90,1999-04-20,11:25:51,9,10.96,0,3.51,8.16,367,,1.9,,
90,1999-04-20,11:26:21,9.01,10.73,0.3,3.52,8.15,368,,1.9,,
4857,1999-04-20,10:27:26,8.73,11.84,0,0.65,8.79,437,,0.3,,
4857,1999-04-20,10:28:01,8.72,11.61,0.1,0.649,8.78,436,,0.3,,
5338,1999-04-20,11:36:44,9.18,14.71,0,20.01,8.91,378,,9.5,,
5338,1999-04-20,11:37:17,9.18,15,0.3,20,8.94,377,,9.71,,
1,1999-05-13,13:13:59,8.62,10.78,0,2.35,8.29,280,,1.3,,
1,1999-05-13,13:14:38,8.53,10.71,0.4,2.39,8.29,279,,1.3,,
15,1999-05-13,13:04:58,10.99,11.32,0,0.275,8.95,250,,0.1,,
15,1999-05-13,13:05:50,9.89,11.67,0.2,0.274,8.98,249,,0.1,,
25,1999-05-13,12:40:01,9.05,12.44,0,1.83,8.46,164,,1,,
25,1999-05-13,12:40:48,8.69,12.42,0.3,1.84,8.46,105,,1,,
50,1999-05-13,12:21:32,10.46,10.42,0,4.89,8.13,268,,2.7,,
50,1999-05-13,12:22:14,10.45,10.33,0.1,4.89,8.13,269,,2.7,,
65,1999-05-13,11:18:48,8.14,10.09,0,3.48,8.34,92,,1.9,,
65,1999-05-13,11:19:32,8.1,10.54,0.3,3.5,8.29,84,,1.9,,
66,1999-05-13,11:09:27,8.91,11.14,0,28.6,8.64,161,,9.1,,
66,1999-05-13,11:10:00,8.92,11.34,0.1,28.6,8.64,168,,9.2,,
67,1999-05-13,11:41:54,9.96,10.74,0,5.49,8.31,99,,3,,
67,1999-05-13,11:42:52,10.02,10.65,0.2,5.49,8.32,126,,3,,
90,1999-05-13,10:37:04,7.64,9.1,0,4.82,8.63,294,,2.6,,
90,1999-05-13,10:38:06,7.63,6.7,0.4,4.82,8.64,283,,2.6,,
4857,1999-05-13,12:56:13,8.43,12.05,0,0.805,8.48,258,,0.4,,
4857,1999-05-13,12:57:19,8.42,12.14,0.1,0.807,8.45,258,,0.4,,
5338,1999-05-13,10:55:24,7.67,10.86,0,24.1,8.72,306,,9.2,,
5338,1999-05-13,10:56:16,7.62,10.85,0.3,24.2,8.67,305,,9.3,,
1,1999-06-16,11:10:00,22.13,11.12,0,2.4,8.09,491,,1,,
1,1999-06-16,11:12:00,21.58,11.19,0.3,2.41,8.16,473,,1,,
15,1999-06-16,11:30:00,17.75,10.09,0,0.35,8.52,432,,0.1,,
15,1999-06-16,11:32:00,15.55,10.6,0.1,0.34,8.5,422,,0.1,,
25,1999-06-16,11:59:00,22.25,14.36,0,2.01,8.95,358,,1,,
25,1999-06-16,12:01:00,22.09,14.48,0.2,2.02,8.97,351,,1,,
50,1999-06-16,12:15:11,22.81,8.93,0,6.05,8.2,399,,2.9,,
50,1999-06-16,12:17:12,22.66,8.65,0.1,6.07,8.2,401,,2.9,,
65,1999-06-16,9:05:00,19.73,11.25,0,4.13,8.87,225,,1.9,,
65,1999-06-16,9:07:24,19.77,11.35,0.3,4.18,8.85,208,,2,,
66,1999-06-16,8:52:25,18.73,8.31,0,30.4,8.84,295,,9.9,,
66,1999-06-16,8:53:16,18.8,8.33,0.1,30.9,8.88,314,,11.2,,
67,1999-06-16,9:25:45,19.39,11.62,0,6.1,9.36,236,,3,,
67,1999-06-16,92:27:08,19.39,11.48,0.3,6.13,9.38,198,,3,,
90,1999-06-16,13:10:46,22.31,13.16,0,5.24,9.07,236,,2.7,,
90,1999-06-16,13:12:45,20.35,10.9,0.4,5.3,9,144,,2.7,,
4857,1999-06-16,11:45:10,21.79,14.89,0,0.994,8.83,408,,0.4,,
4857,1999-06-16,11:47:52,20.97,14.33,0.1,1.006,8.81,405,,0.4,,
5338,1999-06-16,13:25:12,25.08,4.58,0,25.3,8.29,319,,12.4,,
5338,1999-06-16,13:27:14,24.62,4.36,0.3,25.5,8.29,320,,12.5,,
1,1999-07-13,13:20:59,23.58,6.75,0,2.37,9.41,277,,1.3,,
1,1999-07-13,13:21:50,23.62,6.7,0.4,2.42,9.41,278,,1.3,,
15,1999-07-13,13:20:59,23.58,6.75,0,2.37,9.41,277,,1.3,,
15,1999-07-13,13:21:50,23.62,6.7,0.4,2.42,9.41,278,,1.3,,
25,1999-07-13,14:06:15,24.65,10.74,0,2.01,10.6,248,,1.1,,
25,1999-07-13,14:07:06,24.47,10.39,0.5,2.03,10.6,243,,1.1,,
50,1999-07-13,15:00:48,25.9,10.98,0,6.23,9.41,191,,3.4,,
50,1999-07-13,15:01:55,25.71,10.58,0.1,6.23,9.38,157,,3.4,,
65,1999-07-13,12:46:10,23.43,8.14,0,3.89,10.6,174,,2.1,,
65,1999-07-13,12:47:30,23.42,8,0.3,3.96,10.6,152,,2.2,,
66,1999-07-13,12:39:18,24.49,9.07,0,28,10.6,261,,17.2,,
66,1999-07-13,12:40:37,24.53,9.16,0.2,27.8,10.7,258,,17.1,,
67,1999-07-13,12:58:59,23.81,9.39,0,5.96,10.7,161,,3.3,,
67,1999-07-13,13:00:01,23.85,9.35,0.3,6.07,10.7,149,,3.4,,
90,1999-07-13,15:21:35,24.82,10.13,0,5.13,10.2,190,,2.8,,
90,1999-07-13,15:22:53,24.67,10,0.5,5.13,10.2,167,,2.8,,
4857,1999-07-13,13:50:17,25.02,11.43,0,0.857,11.1,236,,0.4,,
4857,1999-07-13,13:51:57,23.62,13.27,0.2,0.893,11.1,231,,0.5,,
5338,1999-07-13,15:39:28,25.36,9.69,0,25.1,8.76,255,,15.2,,
5338,1999-07-13,15:40:29,25.34,9.68,0.5,25.4,8.75,254,,15.4,,
1,1999-08-11,11:10:51,20.02,10.38,0,2.5,8.6,316,,1.3,,
1,1999-08-11,11:11:52,19.97,9.69,0.5,2.46,8.66,316,,1.3,,
15,1999-08-11,11:10:51,20.02,10.38,0,2.5,8.6,316,,1.3,,
15,1999-08-11,11:11:52,19.97,9.69,0.5,2.46,8.66,316,,1.3,,
25,1999-08-11,15:42:56,20.7,10.7,0,0.779,10.3,240,,0.4,,
25,1999-08-11,15:43:53,20.62,10.6,0.3,2.16,10.3,234,,1.2,,
50,1999-08-11,15:56:22,21.05,14.9,0,4.16,8.94,241,,2.3,,
50,1999-08-11,15:58:05,20.44,15.84,0.1,7.13,8.86,195,,4,,
65,1999-08-11,15:25:23,20.48,12.34,0,1.47,9.35,204,,0.8,,
65,1999-08-11,15:29:08,20.48,12.25,0.3,4.37,9.35,190,,2.4,,
66,1999-08-11,15:18:23,20.7,9.04,0,10.58,10,246,,6,,
66,1999-08-11,15:19:23,20.77,10.1,0.2,30.6,10,246,,19,,
67,1999-08-11,10:38:19,17.9,9.28,0,6.74,9.79,228,,3.7,,
67,1999-08-11,10:39:43,17.86,8.99,0.3,6.73,9.82,195,,3.7,,
90,1999-08-11,14:46:38,20.55,12.79,0,5.78,9.09,402,,3.2,,
90,1999-08-11,14:48:03,20.58,12.88,0.4,5.76,9.1,390,,3.2,,
4857,1999-08-11,10:52:25,18.87,15.19,0,0.94,10.2,225,,0.5,,
4857,1999-08-11,10:53:18,17.85,12.95,0.1,0.96,10.2,225,,0.5,,
5338,1999-08-11,15:01:14,21,4.56,0,26.6,8.6,381,,16.2,,
5338,1999-08-11,15:02:14,20.84,4.58,0.5,26.8,8.6,381,,16.4,,
1,1999-09-10,11:15:13,13.39,12.49,0,2.65,8.6,312,,1.4,,
1,1999-09-10,11:16:16,13.37,12.23,0.4,2.62,8.58,314,,1.4,,
15,1999-09-10,11:15:13,13.39,12.49,0,2.65,8.6,312,,1.4,,
15,1999-09-10,11:16:16,13.37,12.23,0.4,2.62,8.58,314,,1.4,,
25,1999-09-10,10:45:14,13.99,16.2,0,2.36,9.96,243,,1.3,,
25,1999-09-10,10:47:39,12.65,13.74,0.2,2.43,9.93,248,,1.3,,
50,1999-09-10,10:27:25,11.65,12.09,0,8.19,8.63,293,,4.6,,
50,1999-09-10,10:29:53,11.44,10.3,0.1,8.19,8.66,225,,4.6,,
65,1999-09-10,11:56:47,13.41,14.54,0,5.06,9.1,153,,2.8,,
65,1999-09-10,11:59:06,13.42,14.41,0.2,5.04,9.11,131,,2.8,,
66,1999-09-10,11:49:28,13.77,15.98,0,36.7,9.9,217,,23.2,,
66,1999-09-10,11:50:11,13.79,15.81,0.1,37.7,9.92,205,,23.9,,
67,1999-09-10,11:35:36,13.64,14.3,0,7.54,9.53,245,,4.2,,
67,1999-09-10,11:36:28,13.62,14.36,0.3,7.46,9.56,237,,4.2,,
90,1999-09-10,12:32:38,14.76,14.13,0,6.11,8.77,258,,3.4,,
4857,1999-09-10,11:03:11,12.31,12.47,0,1.019,9.92,253,,0.5,,
4857,1999-09-10,11:04:07,11.68,12.06,0.1,1.02,9.94,253,,0.5,,
5338,1999-09-10,12:18:27,14.15,11.2,0,28.8,8.94,175,,17.7,,
5338,1999-09-10,12:19:15,14.13,11.02,0.5,28.6,8.95,171,,17.6,,
1,1999-10-13,13:28:54,4.71,15.86,0,2.74,7.5,469,,1.5,,
1,1999-10-13,13:29:16,4.71,15.73,0.4,2.74,7.55,469,,1.5,,
15,1999-10-13,13:28:54,4.71,15.86,0,2.74,7.5,469,,1.5,,
15,1999-10-13,13:29:16,4.71,15.73,0.4,2.74,7.55,469,,1.5,,
25,1999-10-13,14:17:33,6.46,17.31,0,2.54,9.04,380,,1.4,,
25,1999-10-13,14:18:17,5.57,15.3,0.3,2.56,9.17,379,,1.4,,
50,1999-10-13,14:08:36,3.95,14.62,0,9.25,8.48,405,,5.2,,
65,1999-10-13,15:01:53,4.69,14.24,0,3.71,8.39,306,,2,,
65,1999-10-13,15:02:39,4.71,13.69,0.2,5.84,8.24,279,,3.2,,
66,1999-10-13,14:56:22,5.98,14.7,0.1,44.2,9,337,,28.6,,
67,1999-10-13,14:44:02,6.39,16.2,0,0.073,8.71,368,,0,,
67,1999-10-13,1:44:53,4.23,16.04,0.2,8.41,8.8,347,,4.7,,
90,1999-10-13,13:46:18,4.04,14.65,0,7.26,7.67,436,,4,,
90,1999-10-13,13:47:28,4.04,13.01,0.4,7.27,7.75,434,,4.1,,
4857,1999-10-13,14:30:37,6.97,18.84,0,1.093,9.4,361,,0.6,,
5338,1999-10-13,13:58:40,4.43,16.2,0,30,8.11,438,,18.6,,
5338,1999-10-13,13:58:51,4.45,16.21,0.5,30.2,8.19,437,,18.7,,
