"Tube #","Location","Date","Depth (m)","mL Filtered","L filtered","Rep #","Abs @ 750","Abs @ 665","Abs @ 649","Chl  A (Âµg/L)","Average","%Error","RunDate","Notes"
1,"1",2015-07-07,"Surface",72,0.072,1,0.002,0.022,0.009,32.45555556,31.94063492,3.224235437,2015-11-19,"Ideally Chla Samples are ran within 30 days of collection"
1,"1",2016-04-20,"Surface",100,0.1,1,0.004,0.034,0.015,34.764,33.285,8.886885985,2016-05-26,NA
1,"1",2016-07-18,"Surface",100,0.1,1,0.005,0.028,0.013,26.902,28.02784211,-8.033740885,2016-08-09,NA
1,"109",2020-09-09,"Surface",400,0.4,1,0,0.013,0.005,3.7325,NA,NA,2020-12-07,NA
1,"125S",2019-05-22,"Surface",150,0.15,1,0.004,0.067,0.024,49.86,NA,NA,2019-07-18,NA
1,"5338",2014-08-19,"Surface",120,0.12,NA,0.002,0.039,0.015,36.00166667,NA,NA,2014-04-16,"Run Date Unknown"
1,"88",2017-10-16,"Surface",66,0.066,1,0.006,0.2,0.077,340.7333333,320.1466667,-12.86077215,2017-10-23,NA
1,"90",2022-10-03,"Surface",64,0.064,1,0,0.064,0.022,117.2,131.745,22.08053437,NA,"Redo- 71% Error"
2,"1",2015-07-07,"Surface",70,0.07,2,0.002,0.021,0.009,31.42571429,NA,NA,2015-11-19,NA
2,"1",2016-04-20,"Surface",100,0.1,2,0.002,0.029,0.011,31.806,NA,NA,2016-05-26,NA
2,"1",2016-07-18,"Surface",95,0.095,2,0.002,0.026,0.011,29.15368421,NA,NA,2016-08-09,NA
2,"1",2020-09-09,"Surface",150,0.15,1,0,0.077,0.027,59.95866667,56.65644177,-11.6570148,2020-12-07,NA
2,"4441",2014-08-25,"Surface",150,0.15,NA,0.01,0.607,0.223,463.468,NA,NA,2014-04-16,"Run Date Unknown"
2,"88",2017-10-16,"Surface",60,0.06,2,0.005,0.161,0.064,299.56,NA,NA,2017-10-23,NA
2,"90",2019-05-22,"Surface",100,0.1,1,0.005,0.04,0.017,41.038,NA,NA,2019-07-18,NA
2,"90",2022-10-03,"Surface",60,0.06,2,0,0.075,0.026,146.29,NA,NA,NA,NA
2,"97",2020-08-13,NA,500,0.5,1,0.002,0.013,0.005,2.6684,NA,NA,2021-01-20,NA
3,"1",2020-09-09,"Surface",166,0.166,2,0.002,0.078,0.029,53.35421687,NA,NA,2020-12-07,NA
3,"105",2015-07-06,"Surface",70,0.07,1,0.021,0.383,0.159,594.9314286,365.4828571,125.5591429,2015-11-19,NA
3,"109",2014-08-11,"Surface",200,0.2,NA,0.025,0.295,0.136,152.982,NA,NA,2014-04-16,"Run Date Unknown"
3,"125",2022-10-03,"Surface",320,0.32,1,-0.001,0.039,0.013,14.605,12.83183333,27.63699653,NA,NA
3,"17",2016-04-20,"Surface",122,0.122,1,0.002,0.003,0.003,0.6508196721,2.292682563,-143.22636,2016-05-26,NA
3,"25",2016-07-18,"Surface",100,0.1,1,0.007,0.14,0.047,159.17,172.3236207,-15.26618421,2016-08-09,NA
3,"88",2019-05-22,"Surface",150,0.15,1,0.002,0.032,0.012,23.56,NA,NA,2019-07-18,NA
3,"88",2020-08-13,NA,200,0.2,1,0.002,0.033,0.013,18.067,NA,NA,2021-01-20,NA
3,"90",2017-10-16,"Surface",86,0.086,1,0.003,0.072,0.028,93.1744186,92.54678377,-1.356362282,2017-10-23,NA
4,"1",2019-05-22,"Surface",100,0.1,1,0.003,0.045,0.017,49.476,NA,NA,2019-07-18,NA
4,"105",2015-07-06,"Surface",70,0.07,2,0.008,0.244,0.404,136.0342857,NA,NA,2015-11-19,NA
4,"125",2022-10-03,"Surface",300,0.3,2,0,0.028,0.009,11.05866667,NA,NA,NA,NA
4,"17",2016-04-20,"Surface",110,0.11,2,0.005,0.009,0.007,3.934545455,NA,NA,2016-05-26,NA
4,"25",2016-07-18,"Surface",145,0.145,2,0.003,0.23,0.076,185.4772414,NA,NA,2016-08-09,NA
4,"25",2020-09-09,"Surface",50,0.05,1,-0.001,0.047,0.017,110.784,105.9457037,-9.133539402,2020-12-07,NA
4,"3",2014-08-12,"Surface",200,0.2,NA,0.005,0.015,0.007,6.274,NA,NA,2014-04-16,"Run Date Unknown"
4,"90",2017-10-16,"Surface",94,0.094,2,0.001,0.075,0.027,91.91914894,NA,NA,2017-10-23,NA
5,"109",2015-07-06,"Surface",60,0.06,1,0.005,0.071,0.036,120.94,120.20375,1.22500338,2015-11-19,NA
5,"12",2014-08-19,"Surface",260,0.26,NA,0.008,0.028,0.016,8.766153846,NA,NA,2014-04-16,"Run Date Unknown"
5,"25",2016-04-20,"Surface",114,0.114,1,-0.001,0.008,0.002,9.3,9.400793651,-2.144364711,2016-05-26,NA
5,"25",2020-09-09,"Surface",54,0.054,2,0.001,0.048,0.018,101.1074074,NA,NA,2020-12-07,NA
5,"39",2016-07-18,"Surface",100,0.1,1,0.016,0.023,0.021,6.71,4.957962963,70.67568072,2016-08-09,NA
5,"5340",2022-10-03,"Surface",60,0.06,1,0.001,0.126,0.043,245.0966667,246.2383333,0.9272858951,NA,NA
5,"63",2017-10-16,"Surface",22,0.022,1,0.002,0.039,0.014,198.9909091,217.9909091,17.4319196,2017-10-23,NA
5,"63",2019-05-22,"Surface",70,0.07,1,0.004,0.057,0.023,88.09428571,NA,NA,2019-07-18,NA
6,"109",2015-07-06,"Surface",80,0.08,2,0.004,0.091,0.045,119.4675,NA,NA,2015-11-19,NA
6,"25",2016-04-20,"Surface",126,0.126,2,0.002,0.012,0.005,9.501587302,NA,NA,2016-05-26,NA
6,"39",2016-07-18,"Surface",135,0.135,2,0.005,0.009,0.007,3.205925926,NA,NA,2016-08-09,NA
6,"46",2014-08-19,"Surface",200,0.2,NA,0.023,0.178,0.067,93.503,NA,NA,2014-04-16,"Run Date Unknown"
6,"50",2020-09-09,"Surface",25,0.025,1,0,0.026,0.012,114.832,122.616,12.69654857,2020-12-07,NA
6,"5340",2022-10-03,"Surface",50,0.05,2,-0.001,0.104,0.034,247.38,NA,NA,NA,NA
6,"63",2017-10-16,"Surface",22,0.022,2,0.002,0.043,0.009,236.9909091,NA,NA,2017-10-23,NA
6,"65",2019-05-22,"Surface",42,0.042,1,0.003,0.035,0.014,89.2952381,NA,NA,2019-07-18,NA
7,"1",2017-10-16,"Surface",68,0.068,1,-0.001,0.026,0.007,47.62058824,74.2960084,71.80848808,2017-10-23,NA
7,"1",2022-10-13,"Surface",60,0.06,1,0.003,0.081,0.03,152.18,179.165,30.12307091,NA,NA
7,"110",2015-07-06,"Surface",84,0.084,1,0.004,0.029,0.014,33.91666667,44.60648148,-47.92942398,2015-11-19,NA
7,"139",2014-08-12,"Surface",200,0.2,NA,0.009,0.076,0.032,39.271,NA,NA,2014-04-16,"Run Date Unknown"
7,"27A",2016-04-20,"Surface",120,0.12,1,0.001,0.032,0.013,29.63166667,22.84,59.4716871,2016-05-26,NA
7,"40",2016-07-18,"Surface",100,0.1,1,0.01,0.142,0.057,153.768,158.384,-5.828871603,2016-08-09,NA
7,"50",2020-09-09,"Surface",25,0.025,2,0,0.028,0.01,130.4,NA,NA,2020-12-07,NA
7,"50",2022-05-27,"Surface",94,0.094,1,0.001,0.051,0.017,63.06808511,50.40387014,50.2509626,2022-06-12,NA
7,"5340",2019-05-22,"Surface",82,0.082,1,0.003,0.047,0.018,62.97560976,NA,NA,2019-07-18,NA
8,"1",2017-10-16,"Surface",70,0.07,2,0.001,0.061,0.021,100.9714286,NA,NA,2017-10-23,NA
8,"1",2022-10-13,"Surface",60,0.06,2,-0.001,0.104,0.034,206.15,NA,NA,NA,NA
8,"110",2015-07-06,"Surface",108,0.108,2,0.006,0.058,0.026,55.2962963,NA,NA,2015-11-19,NA
8,"120",2019-05-22,"Surface",580,0.58,1,0.003,0.01,0.005,1.454827586,NA,NA,2019-07-18,NA
8,"122",2014-08-12,"Surface",200,0.2,NA,0.024,0.152,0.062,76.736,NA,NA,2014-04-16,"Run Date Unknown"
8,"27A",2016-04-20,"Surface",120,0.12,2,0.001,0.018,0.008,16.04833333,NA,NA,2016-05-26,NA
8,"40",2016-07-18,"Surface",100,0.1,2,0.011,0.151,0.061,163,NA,NA,2016-08-09,NA
8,"50",2022-05-27,"Surface",116,0.116,2,0.001,0.038,0.013,37.73965517,NA,NA,2022-06-12,NA
8,"63",2020-09-09,"Surface",290,0.29,1,0.001,0.007,0.003,2.437241379,3.22382069,48.79795659,2020-12-07,NA
9,"117",2015-07-06,"Surface",125,0.125,1,0.006,0.011,0.008,4.5584,6.2896,-55.0496057,2015-11-19,NA
9,"139",2019-05-22,"Surface",300,0.3,1,0.019,0.124,0.053,41.422,NA,NA,2019-07-18,NA
9,"39",2016-04-20,"Surface",120,0.12,1,0.013,0.022,0.011,11.235,13.31083333,-31.19013335,2016-05-26,NA
9,"4",2014-08-21,"Surface",200,0.2,NA,0.006,0.04,0.015,20.698,NA,NA,2014-04-16,"Run Date Unknown"
9,"50",2016-07-18,"Surface",100,0.1,1,0.003,0.088,0.031,100.322,99.349,1.958751472,2016-08-09,NA
9,"50",2017-10-16,"Surface",26,0.026,1,0,0.042,0.013,192.5076923,183.185989,-10.17731034,2017-10-23,NA
9,"50",2022-10-13,"Surface",28,0.028,1,0.001,0.048,0.016,199.1071429,206.2691964,6.944375307,NA,NA
9,"63",2020-09-09,"Surface",250,0.25,2,-0.001,0.008,0.003,4.0104,NA,NA,2020-12-07,NA
9,"88",2022-05-27,"Surface",324,0.324,1,0.001,0.011,0.005,3.517283951,3.311141975,12.45141265,2022-06-12,NA
10,"117",2015-07-06,"Surface",125,0.125,2,0.002,0.011,0.006,8.0208,NA,NA,2015-11-19,NA
10,"25",2014-08-19,"Surface",200,0.2,NA,0.003,0.247,0.078,145.54,NA,NA,2014-04-16,"Run Date Unknown"
10,"39",2016-04-20,"Surface",120,0.12,2,0.005,0.021,0.011,15.38666667,NA,NA,2016-05-26,NA
10,"50",2016-07-18,"Surface",100,0.1,2,0.006,0.09,0.035,98.376,NA,NA,2016-08-09,NA
10,"50",2017-10-16,"Surface",28,0.028,2,-0.001,0.04,0.012,173.8642857,NA,NA,2017-10-23,NA
10,"50",2022-10-13,"Surface",32,0.032,2,0,0.057,0.017,213.43125,NA,NA,NA,NA
10,"65",2020-09-09,"Surface",26,0.026,1,-0.001,0.028,0.01,128.4384615,163.7146853,43.09475806,2020-12-07,NA
10,"67",2019-05-22,"Surface",50,0.05,1,0.003,0.033,0.013,70.68,NA,NA,2019-07-18,NA
10,"88",2022-05-27,"Surface",360,0.36,2,0.004,0.013,0.006,3.105,NA,NA,2022-06-12,NA
11,"103",2019-05-22,"Surface",400,0.4,1,0.004,0.015,0.008,3.1915,NA,NA,2019-07-18,NA
11,"109",2020-08-14,"Surface",350,0.35,1,0.008,0.05,0.021,14.30057143,NA,NA,2021-01-20,NA
11,"120",2015-07-06,"Surface",80,0.08,1,0.013,0.019,0.008,13.875,20.28178571,-63.17772808,2015-11-19,NA
11,"140",2014-08-12,"Surface",200,0.2,NA,0.006,0.052,0.021,27.19,NA,NA,2014-04-16,"Run Date Unknown"
11,"25",2017-10-17,"Surface",96,0.096,1,0.001,0.092,0.029,113.0645833,112.3876108,-1.204710222,2017-10-23,NA
11,"40",2016-04-20,"Surface",116,0.116,1,0.006,0.011,0.007,5.40862069,8.594310345,-74.13485265,2016-05-26,NA
11,"60",2016-07-18,"Surface",100,0.1,1,0.007,0.199,0.075,223.872,237.611,-11.56427943,2016-08-09,NA
11,"65",2020-09-09,"Surface",22,0.022,2,-0.001,0.036,0.011,198.9909091,NA,NA,2020-12-07,NA
11,"65",2022-10-13,"Surface",20,0.02,1,-0.001,0.025,0.007,155.06,137.39,25.7223961,NA,NA
11,"90",2022-05-27,"Surface",86,0.086,1,0.002,0.04,0.015,51.82790698,46.28895349,23.93207481,2022-06-12,NA
12,"109",2019-05-22,"Surface",300,0.3,1,0.007,0.035,0.018,10.67466667,NA,NA,2019-07-18,NA
12,"120",2015-07-06,"Surface",70,0.07,2,0.005,0.022,0.013,26.68857143,NA,NA,2015-11-19,NA
12,"15",2014-08-19,"Surface",200,0.2,NA,0.013,0.257,0.157,125.668,NA,NA,2014-04-16,"Run Date Unknown"
12,"25",2017-10-17,"Surface",94,0.094,2,0.003,0.091,0.03,111.7106383,NA,NA,2017-10-23,NA
12,"37",2020-08-14,"Surface",400,0.4,1,0.002,0.008,0.003,1.911,NA,NA,2021-01-20,NA
12,"40",2016-04-20,"Surface",120,0.12,2,0.001,0.013,0.005,11.78,NA,NA,2016-05-26,NA
12,"60",2016-07-18,"Surface",100,0.1,2,0.013,0.228,0.088,251.35,NA,NA,2016-08-09,NA
12,"65",2022-10-13,"Surface",20,0.02,2,-0.002,0.018,0.004,119.72,NA,NA,NA,NA
12,"65.0",2017-10-17,"Wetland",30,0.03,1,0.002,0.055,0.022,203.6333333,204.5952381,0.9403002444,2020-07-01,NA
12,"67",2020-09-09,"Surface",30,0.03,1,0,0.024,0.008,94.24,125.2533333,49.52097083,2020-12-07,NA
12,"90",2022-05-27,"Surface",80,0.08,2,0,0.028,0.01,40.75,NA,NA,2022-06-12,NA
13,"1",2022-05-11,NA,200,0.2,1,0.001,0.125,0.044,72.556,66.58663636,17.9296146,2022-05-20,NA
13,"1255",2015-07-07,"Surface",82,0.082,1,0.001,0.023,0.009,31.13658537,31.83718157,-4.401119517,2015-11-19,NA
13,"125S",2017-10-16,"Surface",54,0.054,1,-0.001,0.064,0.02,142.5074074,141.9337037,-0.8084108126,2017-10-23,NA
13,"25",2019-05-23,"Surface",350,0.35,1,0.002,0.014,0.007,3.874285714,NA,NA,2019-07-18,NA
13,"37",2020-07-21,"Surface",400,0.4,1,0.001,0.007,0.002,1.911,NA,NA,2021-01-20,NA
13,"50",2016-04-20,"Surface",120,0.12,1,0.005,0.025,0.012,19.47333333,24.13063218,-38.60071974,2016-05-26,NA
13,"5340",2022-05-27,"Surface",70,0.07,1,0.003,0.058,0.02,93.65428571,97.79037815,8.459098973,2022-06-12,NA
13,"58",2014-08-13,"Surface",200,0.2,NA,0.024,0.216,0.085,113.952,NA,NA,2014-04-16,"Run Date Unknown"
13,"63",2016-07-18,"Surface",60,0.06,1,0.003,0.067,0.025,125.0133333,124.2238095,1.271131215,2016-08-09,NA
13,"65.0",2017-10-17,"Wetland",28,0.028,2,0.001,0.051,0.02,205.5571429,NA,NA,2020-07-01,NA
13,"67",2020-09-09,"Surface",24,0.024,2,0,0.032,0.011,156.2666667,NA,NA,2020-12-07,NA
13,"67",2022-10-13,"Surface",13,0.013,1,-0.003,0.03,0.006,307.8923077,285.5628205,15.63893166,NA,NA
14,"1",2022-05-11,NA,220,0.22,2,0.062,0.177,0.104,60.61727273,NA,NA,2022-05-20,"Samples were reran original value (46.68)"
14,"107",2014-08-11,"Surface",145,0.145,NA,0.012,0.262,0.098,202.0441379,NA,NA,2014-04-16,"Run Date Unknown"
14,"109",2020-07-21,"Surface",400,0.4,1,0.002,0.007,0.004,1.4245,NA,NA,2021-01-20,NA
14,"1255",2015-07-07,"Surface",90,0.09,2,-0.001,0.025,0.01,32.53777778,NA,NA,2015-11-19,NA
14,"125S",2017-10-16,"Surface",50,0.05,2,0.001,0.061,0.021,141.36,NA,NA,2017-10-23,NA
14,"50",2016-04-20,"Surface",116,0.116,2,0.002,0.031,0.013,28.78793103,NA,NA,2016-05-26,NA
14,"5340",2022-05-27,"Surface",68,0.068,2,0.004,0.063,0.024,101.9264706,NA,NA,2022-06-12,NA
14,"60",2019-05-23,"Surface",350,0.35,1,0.01,0.064,0.028,18.17485714,NA,NA,2019-07-18,NA
14,"63",2016-07-18,"Surface",70,0.07,2,0.002,0.076,0.028,123.4342857,NA,NA,2016-08-09,NA
14,"67",2022-10-13,"Surface",12,0.012,2,-0.003,0.023,0.004,263.2333333,NA,NA,NA,NA
14,"90",2020-09-10,"Surface",168,0.168,1,-0.001,0.052,0.019,36.36309524,34.70684174,-9.544247869,2020-12-07,NA
15,"110",2017-07-12,"Surface",60,0.06,1,0,0.039,0.014,75.61,82.64166667,17.01724312,2017-10-23,NA
15,"139",2015-07-07,"Surface",70,0.07,1,0.006,0.017,0.011,17.41428571,15.48146718,24.96944909,2015-11-19,NA
15,"39",2019-05-23,"Surface",300,0.3,1,0.003,0.009,0.006,2.164,NA,NA,2019-07-18,NA
15,"42",2014-08-13,"Surface",220,0.22,NA,0.029,0.348,0.139,169.85,NA,NA,2014-04-16,"Run Date Unknown"
15,"59",2016-04-20,"Surface",110,0.11,1,-0.001,0,-0.001,1.245454545,1.855227273,-65.73563641,2016-05-26,NA
15,"60",2022-05-11,NA,410,0.41,1,0.002,0.006,0.004,1.055609756,1.041554878,2.698826215,2022-05-20,NA
15,"65",2016-07-18,"Surface",45,0.045,1,0.004,0.053,0.021,127.4177778,104.9507071,42.81451995,2016-08-09,NA
15,"90",2020-09-10,"Surface",170,0.17,2,0,0.049,0.019,33.05058824,NA,NA,2020-12-07,NA
15,"97",2020-07-21,"Surface",400,0.4,1,0.002,0.005,0.003,0.8835,NA,NA,2021-01-20,NA
16,"110",2017-07-12,"Surface",60,0.06,2,0.003,0.049,0.019,89.67333333,NA,NA,2017-10-23,NA
16,"125N",2014-08-11,"Surface",115,0.115,NA,0.008,0.045,0.022,37.06608696,NA,NA,2014-04-16,"Run Date Unknown"
16,"125S",2020-09-09,"Surface",50,0.05,1,-0.001,0.04,0.015,93.908,80.22496774,-34.11165537,2020-12-07,NA
16,"139",2015-07-06,"Surface",74,0.074,2,0.014,0.023,0.018,13.54864865,NA,NA,2015-11-19,NA
16,"40",2019-05-23,"Surface",300,0.3,1,0.005,0.048,0.02,16.75666667,NA,NA,2019-07-18,NA
16,"59",2016-04-20,"Surface",120,0.12,2,0.003,0.006,0.005,2.465,NA,NA,2016-05-26,NA
16,"60",2022-05-11,NA,400,0.4,2,0.003,0.006,0.003,1.0275,NA,NA,2022-05-20,NA
16,"65",2016-07-18,"Surface",55,0.055,2,0.004,0.043,0.018,82.48363636,NA,NA,2016-08-09,NA
16,"88",2020-07-21,"Surface",400,0.4,1,0.001,0.005,0.002,1.226,NA,NA,2021-01-20,NA
17,"124",2014-08-11,"Surface",190,0.19,NA,0.005,0.018,0.01,7.857894737,NA,NA,2014-04-16,"Run Date Unknown"
17,"125S",2020-09-09,"Surface",62,0.062,2,0,0.036,0.014,66.54193548,NA,NA,2020-12-07,NA
17,"25",2015-07-08,"Surface",70,0.07,1,0.003,0.015,0.007,20.19428571,19.21571429,10.18511635,2015-11-19,NA
17,"50",2019-05-23,"Surface",50,0.05,1,0.003,0.073,0.028,163,NA,NA,2019-07-18,NA
17,"60",2016-04-20,"Surface",120,0.12,1,0.002,0.061,0.021,58.23833333,78.2825,-51.20982765,2016-05-26,NA
17,"60",2017-07-13,"Surface",65,0.065,1,-0.003,0.035,0.013,65.91384615,65.57846154,-1.022849904,2017-10-23,NA
17,"63",2022-05-18,NA,400,0.4,1,0.001,0.004,0.002,0.8835,0.8813022388,0.4987531172,2022-05-20,NA
17,"67",2016-07-18,"Surface",60,0.06,1,0.004,0.05,0.02,89.67333333,89.855,-0.4043551648,2016-08-09,NA
17,"97",2020-10-02,"Surface",500,0.5,1,0.005,0.013,0.008,1.8464,NA,NA,2021-01-20,NA
18,"109",2020-10-02,"Surface",354,0.354,1,0.004,0.057,0.021,17.74519774,NA,NA,2021-01-20,NA
18,"25",2015-07-08,"Surface",70,0.07,2,0.002,0.013,0.006,18.23714286,NA,NA,2015-11-19,NA
18,"3444",2014-08-25,"Surface",160,0.16,NA,0.026,0.219,0.087,143.29625,NA,NA,2014-04-16,"Run Date Unknown"
18,"5340",2020-09-09,"Surface",50,0.05,1,0,0.059,0.022,136.316,138.48,3.125361063,2020-12-07,NA
18,"60",2016-04-20,"Surface",120,0.12,2,0.002,0.102,0.035,98.32666667,NA,NA,2016-05-26,NA
18,"60",2017-07-13,"Surface",65,0.065,2,0.002,0.038,0.014,65.24307692,NA,NA,2017-10-23,NA
18,"60",2019-07-10,"Surface",170,0.17,1,0.022,0.532,0.233,339.5082353,NA,NA,2019-07-18,NA
18,"63",2022-05-18,NA,402,0.402,2,0,0.003,0.001,0.8791044776,NA,NA,2022-05-20,"Samples were reran original value (-0.5)"
18,"67",2016-07-18,"Surface",60,0.06,2,0.01,0.057,0.028,90.03666667,NA,NA,2016-08-09,NA
19,"37",2020-10-02,"Surface",111,0.111,1,0.004,0.197,0.091,193.0612613,NA,NA,2021-01-20,NA
19,"39",2015-07-08,"Surface",94,0.094,1,0.022,0.034,0.03,12.58723404,12.42361702,2.633967563,2015-11-19,NA
19,"5340",2020-09-09,"Surface",50,0.05,2,0,0.061,0.023,140.644,NA,NA,2020-12-07,NA
19,"55",2014-08-13,"Surface",200,0.2,NA,0.09,0.51,0.316,222.612,NA,NA,2014-04-16,"Run Date Unknown"
19,"63",2016-04-20,"Surface",100,0.1,1,0.004,0.061,0.025,65.994,66.967,-2.90590888,2016-05-26,"fil."
19,"63",2017-07-12,"Surface",37,0.037,1,0,0.022,0.008,69.00540541,106.1875512,70.03108249,2017-10-23,NA
19,"65",2022-05-18,NA,130,0.13,1,0.002,0.042,0.011,38.16615385,37.04107692,6.074752769,2022-05-20,NA
19,"88",2016-07-18,"Surface",100,0.1,1,0.003,0.193,0.07,221.708,203.353,18.05235231,2016-08-09,NA
19,"88",2019-07-10,"Surface",250,0.25,1,0.003,0.016,0.008,5.972,NA,NA,2019-07-18,NA
20,"109",2020-09-10,"Surface",450,0.45,1,0.001,0.006,0.002,1.394222222,NA,NA,2021-01-20,NA
20,"26",2014-08-19,"Surface",118,0.118,NA,0.005,0.306,0.098,304.0694915,NA,NA,2014-04-16,"Run Date Unknown"
20,"39",2015-07-08,"Surface",80,0.08,2,-0.001,0.007,0.001,12.26,NA,NA,2015-11-19,NA
20,"63",2016-04-20,"Surface",100,0.1,2,-0.001,0.057,0.019,67.94,NA,NA,2016-05-26,"fil."
20,"63",2017-07-12,"Surface",33,0.033,2,0.001,0.041,0.014,143.369697,NA,NA,2017-10-23,NA
20,"65",2022-05-18,NA,100,0.1,2,0.002,0.032,0.011,35.916,NA,NA,2022-05-20,NA
20,"88",2016-07-18,"Surface",100,0.1,2,0.007,0.166,0.064,184.998,NA,NA,2016-08-09,NA
20,"90",2019-07-10,"Surface",200,0.2,1,0.002,0.029,0.012,15.615,NA,NA,2019-07-18,NA
21,"39",2019-07-10,"Surface",172,0.172,1,0.017,0.23,0.091,144.8755814,NA,NA,2019-07-18,NA
21,"40",2014-08-13,"Surface",200,0.2,NA,0.002,0.01,0.005,4.616,NA,NA,2014-04-16,"Run Date Unknown"
21,"40",2015-07-08,"Surface",70,0.07,1,0.002,0.008,0.004,10.09714286,8.707142857,31.92780968,2015-11-19,NA
21,"50",2017-07-13,"Surface",85,0.085,1,-0.001,0.053,0.016,75.51529412,75.17647059,-0.9014084507,2017-10-23,NA
21,"65",2016-04-20,"Surface",122,0.122,1,0.003,0.054,0.022,48.3,47.36090909,3.965679406,2016-05-26,NA
21,"67",2022-05-18,NA,100,0.1,1,0.002,0.033,0.011,37.286,35.916,7.628911906,2022-05-20,NA
21,"90",2016-07-18,"Surface",100,0.1,1,0.004,0.021,0.009,20.41,19.04,14.3907563,2016-08-09,NA
21,"97",2020-09-10,"Surface",450,0.45,1,0.002,0.012,0.005,2.660444444,NA,NA,2021-01-20,NA
22,"126",2014-08-11,"Surface",118,0.118,NA,0.007,0.058,0.024,50.91355932,NA,NA,2014-04-16,"Run Date Unknown"
22,"25",2019-07-10,"Surface",350,0.35,1,0.01,0.031,0.013,7.726285714,NA,NA,2019-07-18,NA
22,"37",2020-09-10,"Surface",250,0.25,1,0.002,0.046,0.015,21.1168,NA,NA,2021-01-20,NA
22,"40",2015-07-08,"Surface",70,0.07,2,0.003,0.008,0.006,7.317142857,NA,NA,2015-11-19,NA
22,"50",2017-07-13,"Surface",85,0.085,2,0.001,0.055,0.019,74.83764706,NA,NA,2017-10-23,NA
22,"65",2016-04-20,"Surface",110,0.11,2,0.001,0.045,0.017,46.42181818,NA,NA,2016-05-26,NA
22,"67",2022-05-18,NA,100,0.1,2,0.002,0.031,0.011,34.546,NA,NA,2022-05-20,NA
22,"90",2016-07-18,"Surface",100,0.1,2,0,0.015,0.005,17.67,NA,NA,2016-08-09,NA
23,"103",2014-08-11,"Surface",200,0.2,NA,0.029,0.207,0.095,102.922,NA,NA,2014-04-16,"Run Date Unknown"
23,"103",2016-07-18,"Surface",100,0.1,1,0.008,0.136,0.063,143.68,196.192,-53.53123471,2016-08-09,NA
23,"107",2022-05-11,NA,400,0.4,1,0.003,0.032,0.014,8.3485,9.645392857,26.89144706,2022-05-20,NA
23,"40",2017-07-13,"Surface",85,0.085,1,0.002,0.017,0.009,19.43294118,20.57764706,11.1257218,2017-10-23,NA
23,"50",2015-07-08,"Surface",70,0.07,1,0,0.014,0.005,23.28571429,24.98714286,-13.61843234,2015-11-19,NA
23,"50",2019-07-10,"Surface",36,0.036,1,0.003,0.036,0.016,104.7833333,NA,NA,2019-07-18,NA
23,"67",2016-04-20,"Surface",20,0.02,1,-0.002,0.002,0,21.64,29.73803279,-54.46246458,2016-05-26,NA
24,"103",2016-07-18,"Surface",100,0.1,2,0.014,0.238,0.115,248.704,NA,NA,2016-08-09,NA
24,"107",2022-05-11,NA,350,0.35,2,0.002,0.035,0.014,10.94228571,NA,NA,2022-05-20,NA
24,"109",2019-07-09,"Surface",350,0.35,1,0.003,0.014,0.007,3.647428571,NA,NA,2019-07-18,NA
24,"40",2017-07-13,"Surface",85,0.085,2,0.001,0.017,0.007,21.72235294,NA,NA,2017-10-23,NA
24,"50",2015-07-08,"Surface",70,0.07,2,0.002,0.019,0.01,26.68857143,NA,NA,2015-11-19,NA
24,"60",2014-08-13,"Surface",200,0.2,NA,0.022,0.252,0.105,133.646,NA,NA,2014-04-16,"Run Date Unknown"
24,"67",2016-04-20,"Surface",122,0.122,2,0.002,0.042,0.017,37.83606557,NA,NA,2016-05-26,NA
25,"105",2016-07-18,"Surface",100,0.1,1,0.021,0.396,0.164,431.382,476.7843333,-19.0452287,2016-08-09,NA
25,"109",2022-05-11,NA,450,0.45,1,0.001,0.005,0.002,1.089777778,1.178,14.97830598,2022-05-20,NA
25,"120",2017-07-12,"Surface",60,0.06,1,-0.01,0.019,-0.002,58.53666667,40.27,-90.72096681,2017-10-23,NA
25,"120",2019-07-09,"Surface",350,0.35,1,0.018,0.108,0.044,30.94971429,NA,NA,2019-07-18,NA
25,"5340",2015-07-07,"Surface",80,0.08,1,0.003,0.028,0.012,36.3325,34.12375,12.94552914,2015-11-19,NA
25,"88",2016-04-20,"Surface",120,0.12,1,0.004,0.077,0.031,70.38166667,70.69165301,-0.8770097335,2016-05-26,NA
25,"90",2014-08-21,"Surface",200,0.2,NA,0.005,0.074,0.029,40.353,NA,NA,2014-04-16,"Run Date Unknown"
26,"105",2016-07-18,"Surface",60,0.06,2,0.021,0.293,0.124,522.1866667,NA,NA,2016-08-09,NA
26,"109",2022-05-11,NA,450,0.45,2,0.001,0.006,0.003,1.266222222,NA,NA,2022-05-20,NA
26,"120",2017-07-12,"Surface",60,0.06,2,0.003,0.016,0.011,22.00333333,NA,NA,2017-10-23,NA
26,"125S",2019-07-09,"Surface",212,0.212,1,0.003,0.041,0.016,21.0245283,NA,NA,2019-07-18,NA
26,"5340",2015-07-07,"Surface",80,0.08,2,0.004,0.026,0.012,31.915,NA,NA,2015-11-19,NA
26,"70/71",2014-08-19,"Surface",146,0.146,NA,0.002,0.124,0.045,97.51506849,NA,NA,2014-04-16,"Run Date Unknown"
26,"88",2016-04-20,"Surface",122,0.122,2,0.003,0.078,0.031,71.00163934,NA,NA,2016-05-26,NA
27,"109",2016-07-18,"Surface",120,0.12,1,0.014,0.174,0.072,154.8266667,131.9502564,34.67429451,2016-08-09,NA
27,"110",2022-05-11,NA,200,0.2,1,0.003,0.023,0.01,11.684,14.533,39.20732127,2022-05-20,NA
27,"39",2014-08-13,"Surface",200,0.2,NA,0.005,0.081,0.034,43.708,NA,NA,2014-04-16,"Run Date Unknown"
27,"5340",2017-07-12,"Surface",45,0.045,1,0,0.025,0.007,67.15111111,70.43777778,9.332113449,2017-10-23,NA
27,"5340",2019-07-09,"Surface",52,0.052,1,0.004,0.034,0.014,67.96153846,NA,NA,2019-07-18,NA
27,"60?",2015-07-07,"Surface",70,0.07,1,0.002,0.033,0.013,51.62,55.27857143,-13.23685231,2015-11-19,NA
27,"90",2016-04-20,"Surface",122,0.122,1,0.002,0.033,0.011,30.56229508,30.56229508,NA,2016-05-26,NA
28,"103",2019-07-09,"Surface",170,0.17,1,0.043,0.257,0.101,152.8070588,NA,NA,2019-07-18,NA
28,"109",2016-07-18,"Surface",130,0.13,2,0.005,0.127,0.049,109.0738462,NA,NA,2016-08-09,NA
28,"110",2022-05-11,NA,200,0.2,2,0.003,0.033,0.014,17.382,NA,NA,2022-05-20,NA
28,"5340",2017-07-12,"Surface",45,0.045,2,-0.01,0.018,-0.001,73.72444444,NA,NA,2017-10-23,NA
28,"60?",2015-07-07,"Surface",70,0.07,2,0.005,0.041,0.019,58.93714286,NA,NA,2015-11-19,NA
28,"66S",2014-08-19,"Surface",200,0.2,NA,0.012,0.071,0.039,32.639,NA,NA,2014-04-16,"Run Date Unknown"
28,"90",2016-04-20,"Surface",122,0.122,2,NA,NA,NA,NA,NA,NA,2016-05-26,"Sample contaminated"
29,"110",2016-07-18,"Surface",70,0.07,1,0.01,0.307,0.111,498.1628571,478.7914286,8.091802574,2016-08-09,NA
29,"117",2022-05-11,NA,400,0.4,1,0,0.008,0.003,2.308,2.18447619,11.30923835,2022-05-20,NA
29,"120",2014-08-11,"Surface",200,0.2,NA,0.069,0.26,0.137,111.251,NA,NA,2014-04-16,"Run Date Unknown"
29,"39",2017-10-17,"Surface",90,0.09,1,0.004,0.064,0.021,80.45333333,103.1311111,43.97853865,2017-10-23,NA
29,"63?",2015-07-07,"Surface",50,0.05,1,-0.001,0.029,0.009,70.68,68.18909091,7.305887372,2015-11-19,NA
29,"67",2019-07-09,"Surface",24,0.024,1,0.003,0.045,0.018,203.75,NA,NA,2019-07-18,NA
29,"92",2016-04-20,"Surface",74,0.074,1,0.007,0.136,0.052,203.7972973,157.5553153,58.69936141,2016-05-26,NA
30,"110",2016-07-18,"Surface",70,0.07,2,0.009,0.282,0.1,459.42,NA,NA,2016-08-09,NA
30,"117",2022-05-11,NA,420,0.42,2,0.001,0.009,0.005,2.060952381,NA,NA,2022-05-20,NA
30,"39",2017-10-17,"Surface",90,0.09,2,0.005,0.099,0.032,125.8088889,NA,NA,2017-10-23,NA
30,"63?",2015-07-07,"Surface",55,0.055,2,0,0.031,0.011,65.69818182,NA,NA,2015-11-19,NA
30,"65",2019-07-09,"Surface",22,0.022,1,0.004,0.05,0.019,247.1818182,NA,NA,2019-07-18,NA
30,"7040",2014-08-25,"Surface",190,0.19,NA,0.005,0.189,0.062,115.3936842,NA,NA,2014-04-16,"Run Date Unknown"
30,"92",2016-04-20,"Surface",120,0.12,2,0.005,0.121,0.049,111.3133333,NA,NA,2016-05-26,NA
31,"103",2016-04-20,"Surface",107,0.107,1,0,0.07,0.023,77.24485981,134.2431572,-84.91799294,2016-05-26,NA
31,"117",2016-07-18,"Surface",100,0.1,1,0.004,0.067,0.028,72.486,66.788,17.06294544,2016-08-09,NA
31,"1255",2022-05-11,NA,200,0.2,1,0.009,0.084,0.035,43.887,40.01382967,19.35915838,2022-05-20,NA
31,"60",2017-10-16,"Surface",82,0.082,1,0.002,0.157,0.06,218.2219512,216.8579144,-1.25800051,2017-10-23,NA
31,"63",2019-07-09,"Surface",28,0.028,1,0.003,0.045,0.018,174.6428571,NA,NA,2019-07-18,NA
31,"65",2015-07-07,"Surface",60,0.06,1,0.006,0.038,0.019,60.58666667,59.35933333,4.135266569,2015-11-19,NA
31,"69",2014-08-19,"Surface",56,0.056,NA,0.011,0.105,0.053,186.7642857,NA,NA,2014-04-16,"Run Date Unknown"
32,"1",2019-07-09,"Surface",54,0.054,1,0.002,0.025,0.01,49.81851852,NA,NA,2019-07-18,NA
32,"103",2016-04-20,"Surface",110,0.11,2,0.0016,0.194,0.094,191.2414545,NA,NA,2016-05-26,NA
32,"117",2016-07-18,"Surface",100,0.1,2,0.006,0.059,0.026,61.09,NA,NA,2016-08-09,NA
32,"1255",2022-05-11,NA,182,0.182,2,0.005,0.061,0.024,36.14065934,NA,NA,2022-05-20,"Samples were reran original value (26.87)"
32,"130",2014-08-12,"Surface",200,0.2,NA,0.017,0.142,0.067,71.225,NA,NA,2014-04-16,"Run Date Unknown"
32,"60",2017-10-16,"Surface",98,0.098,2,0.003,0.187,0.074,215.4938776,NA,NA,2017-10-23,NA
32,"65",2015-07-07,"Surface",50,0.05,2,0.004,0.029,0.013,58.132,NA,NA,2015-11-19,NA
33,"105",2016-04-20,"Surface",120,0.12,1,-0.001,0.02,0.004,21.575,29.00105932,-51.21233152,2016-05-26,NA
33,"109",2017-07-12,"Surface",60,0.06,1,0.001,0.061,0.025,113.96,132.8880645,28.48723034,2017-10-23,NA
33,"120",2016-07-18,"Surface",100,0.1,1,0.002,0.06,0.026,65.636,68.485,-8.320070088,2016-08-09,NA
33,"41",2014-08-13,"Surface",200,0.2,NA,0.013,0.102,0.044,52.037,NA,NA,2014-04-16,"Run Date Unknown"
33,"67",2015-07-07,"Surface",50,0.05,1,-0.001,0.021,0.007,51.064,54.598,-12.94552914,2015-11-19,NA
34,"105",2016-04-20,"Surface",118,0.118,2,0.003,0.039,0.014,36.42711864,NA,NA,2016-05-26,NA
34,"109",2017-07-12,"Surface",62,0.062,2,-0.01,0.073,0.024,151.816129,NA,NA,2017-10-23,NA
34,"120",2016-07-18,"Surface",100,0.1,2,0.003,0.066,0.029,71.334,NA,NA,2016-08-09,NA
34,"18",2014-08-19,"Surface",250,0.25,NA,0.001,0.012,0.004,5.3368,NA,NA,2014-04-16,"Run Date Unknown"
34,"67",2015-07-07,"Surface",50,0.05,2,0.009,0.034,0.018,58.132,NA,NA,2015-11-19,NA
35,"109",2016-04-20,"Surface",120,0.12,1,0.001,0.075,0.031,70.08333333,72.4575,-6.553266858,2016-05-26,NA
35,"125S",2016-07-18,"Surface",60,0.06,1,0.013,0.038,0.023,47.48333333,45.48166667,8.802081425,2016-08-09,NA
35,"5",2014-08-21,"Surface",200,0.2,NA,0.014,0.143,0.114,59.565,NA,NA,2014-04-16,"Run Date Unknown"
35,"88",2015-07-07,"Surface",73,0.073,1,0.003,0.088,0.039,131.1150685,167.7088856,-43.63968787,2015-11-19,NA
35,"88",2017-07-12,"Surface",38,0.038,1,0.024,0.13,0.048,345.7789474,186.2314737,-171.3431898,2017-10-23,NA
36,"109",2016-04-20,"Surface",120,0.12,2,0.002,0.081,0.034,74.83166667,NA,NA,2016-05-26,NA
36,"125S",2016-07-18,"Surface",70,0.07,2,-0.002,0.024,0.007,43.48,NA,NA,2016-08-09,NA
36,"6",2014-08-21,"Surface",200,0.2,NA,0.104,0.407,0.299,151.395,NA,NA,2014-04-16,"Run Date Unknown"
36,"88",2015-07-07,"Surface",74,0.074,2,0.006,0.142,0.067,204.3027027,NA,NA,2015-11-19,NA
36,"88",2017-07-12,"Surface",100,0.1,2,0.007,0.029,0.013,26.684,NA,NA,2017-10-23,NA
37,"110",2016-04-20,"Surface",104,0.104,1,0.002,0.034,0.012,36.61538462,31.67846154,31.16895731,2016-05-26,NA
37,"125S",2017-07-11,"Surface",90,0.09,1,0.003,0.076,0.032,92.56222222,83.38555556,-22.01020694,2017-10-23,NA
37,"139",2016-07-18,"Surface",100,0.1,1,0.003,0.013,0.006,11.972,12.657,-10.82404993,2016-08-09,NA
37,"90",2015-07-06,"Surface",120,0.12,1,0.002,0.134,0.042,131.5,124.2216667,11.71829928,2015-11-19,NA
37,"92",2014-08-12,"Surface",160,0.16,NA,0.03,0.201,0.107,118.69875,NA,NA,2014-04-16,"Run Date Unknown"
38,"110",2016-04-20,"Surface",130,0.13,2,0.002,0.032,0.013,26.74153846,NA,NA,2016-05-26,NA
38,"125S",2017-07-11,"Surface",90,0.09,2,0.002,0.06,0.024,74.20888889,NA,NA,2017-10-23,NA
38,"139",2016-07-18,"Surface",100,0.1,2,0.005,0.016,0.008,13.342,NA,NA,2016-08-09,NA
38,"2",2014-08-12,"Surface",200,0.2,NA,0.028,0.037,0.03,5.589,NA,NA,2014-04-16,"Run Date Unknown"
38,"90",2015-07-06,"Surface",60,0.06,2,0.001,0.056,0.01,116.9433333,NA,NA,2015-11-19,NA
39,"117",2016-04-20,"Surface",124,0.124,1,0.001,0.013,0.006,10.93548387,21.89228739,-100.0973843,2016-05-26,NA
39,"39",2017-07-13,"Surface",85,0.085,1,0.001,0.008,0.004,9.249411765,14.55176471,72.87573773,2017-10-23,NA
39,"5340",2016-07-18,"Surface",100,0.1,1,0.003,0.057,0.022,63.036,60.872,7.110001314,2016-08-09,NA
39,"66S",2014-08-19,"Surface",200,0.2,NA,0.004,0.083,0.031,46.339,NA,NA,2014-04-16,"Run Date Unknown"
39,"92",2015-07-06,"Surface",86,0.086,1,0.013,0.073,0.038,78.8372093023256,62.92027132,50.5939903,2015-11-19,NA
40,"117",2016-04-20,"Surface",110,0.11,2,0.005,0.036,0.016,32.84909091,NA,NA,2016-05-26,NA
40,"39",2017-07-13,"Surface",85,0.085,2,0.003,0.017,0.007,19.85411765,NA,NA,2017-10-23,NA
40,"50",2014-08-13,"Surface",200,0.2,NA,0.001,0.032,0.011,18.355,NA,NA,2014-04-16,"Run Date Unknown"
40,"5340",2016-07-18,"Surface",100,0.1,2,0.003,0.053,0.02,58.708,NA,NA,2016-08-09,NA
40,"92",2015-07-06,"Surface",120,0.12,2,0.018,0.068,0.039,47.0033333333333,NA,NA,2015-11-19,NA
41,"103",2014-08-12,"Surface",200,0.2,NA,0.016,0.101,0.045,49.873,NA,NA,2014-04-16,"Run Date Unknown"
41,"103",2015-07-06,"Surface",130,0.13,1,0.015,0.097,0.059,66.92,70.658,-10.5805429,2015-11-19,NA
41,"120",2016-04-20,"Surface",180,0.18,1,0.006,0.114,0.055,66.52,69.13027027,-7.551743281,2016-05-26,NA
41,"139",2017-07-11,"Surface",85,0.085,1,-0.001,0.005,-0.001,9.670588235,16.71294118,84.27425032,2017-10-23,NA
42,"103",2015-07-06,"Surface",150,0.15,2,0.018,0.123,0.074,74.396,NA,NA,2015-11-19,NA
42,"120",2016-04-20,"Surface",74,0.074,2,0.004,0.052,0.026,71.74054054,NA,NA,2016-05-26,NA
42,"139",2017-07-11,"Surface",85,0.085,2,0.003,0.019,0.006,23.75529412,NA,NA,2017-10-23,NA
42,"35",2014-08-19,"Surface",112,0.112,NA,0.008,0.195,0.066,198.9125,NA,NA,2014-04-16,"Run Date Unknown"
43,"1",2017-07-11,"Surface",80,0.08,1,-0.011,0.04,0.008,73.6575,64.32625,-29.01226171,2017-10-23,NA
43,"1",2021-07-15,"Surface",80,0.08,1,0.01,0.077,0.033,98.1775,NA,NA,2021-10-21,NA
43,"159",2016-04-20,"Surface",100,0.1,1,0.001,0.052,0.019,59.502,54.598,17.96402799,2016-05-26,NA
43,"4240",2014-08-25,"Surface",160,0.16,NA,0.004,0.18,0.062,129.82,NA,NA,2014-04-16,"Run Date Unknown"
44,"1",2017-07-11,"Surface",80,0.08,2,-0.002,0.036,0.012,54.995,NA,NA,2017-10-23,NA
44,"159",2016-04-20,"Surface",100,0.1,2,0.004,0.047,0.02,49.694,NA,NA,2016-05-26,NA
44,"19",2014-08-19,"Surface",392,0.392,NA,0.002,0.009,0.004,2.15255102,NA,NA,2014-04-16,"Run Date Unknown"
44,"25",2021-07-15,"Surface",94,0.094,1,0.01,0.125,0.052,141.870212765957,NA,NA,2021-10-21,NA
45,"109",2017-10-17,"Surface",114,0.114,1,-0.001,0.03,0.008,32.70701754,29.53788377,-21.4580963,2017-10-23,NA
45,"117",2014-08-11,"Surface",200,0.2,NA,0.008,0.182,0.08,98.454,NA,NA,2014-04-16,"Run Date Unknown"
45,"125S",2016-04-20,"Surface",100,0.1,1,0.002,0.037,0.018,38.734,32.63681132,37.36387492,2016-05-26,"no filtered amount listed"
45,"50",2021-07-15,"Surface",52,0.052,1,0.009,0.034,0.019,54.7884615384615,NA,NA,2021-10-21,NA
46,"109",2017-10-17,"Surface",96,0.096,2,-0.002,0.019,0.004,26.36875,NA,NA,2017-10-23,NA
46,"125S",2016-04-20,"Surface",106,0.106,2,0.005,0.031,0.018,26.53962264,NA,NA,2016-05-26,NA
46,"37",2014-08-13,"Surface",200,0.2,NA,0.008,0.073,0.046,33.581,NA,NA,2014-04-16,"Run Date Unknown"
46,"65",2021-07-15,"Surface",38,0.038,1,0.004,0.074,0.031,211.442105263158,NA,NA,2021-10-21,NA
47,"5340",2016-04-20,"Surface",100,0.1,1,0,0.023,0.009,26.326,28.49,-15.19129519,2016-05-26,NA
47,"5340",2017-10-16,"Surface",42,0.042,1,0,0.068,0.022,191.6380952,161.6304113,-37.13123508,2017-10-23,NA
47,"67",2021-07-15,"Surface",36,0.036,1,0.003,0.056,0.023,169.694444444444,NA,NA,2021-10-21,NA
47,"98",2014-08-12,"Surface",200,0.2,NA,0.013,0.078,0.052,33.293,NA,NA,2014-04-16,"Run Date Unknown"
48,"20",2014-08-19,"Surface",250,0.25,NA,0.001,0.014,0.006,5.972,NA,NA,2014-04-16,"Run Date Unknown"
48,"5340",2016-04-20,"Surface",100,0.1,2,0.001,0.028,0.012,30.654,NA,NA,2016-05-26,NA
48,"5340",2017-10-16,"Surface",44,0.044,2,0,0.049,0.016,131.6227273,NA,NA,2017-10-23,NA
48,"90",2021-07-15,"Surface",100,0.1,1,0.005,0.055,0.023,58.132,NA,NA,2021-10-21,NA
49,"109",2021-07-15,"Surface",140,0.14,1,0.008,0.024,0.011,14.4228571428571,NA,NA,2021-10-21,NA
49,"61",2014-08-13,"Surface",188,0.188,NA,0.018,0.527,0.184,320.0606383,NA,NA,2014-04-16,"Run Date Unknown"
49,"90",2017-07-11,"Surface",85,0.085,1,-0.001,0.023,0.007,33.26117647,31.13647059,-13.64769893,2017-10-23,NA
50,"125S",2021-07-15,"Surface",26,0.026,1,0.005,0.056,0.023,228.853846153846,NA,NA,2021-10-21,NA
50,"38",2014-08-13,"Surface",200,0.2,NA,0.001,0.068,0.025,38.983,NA,NA,2014-04-16,"Run Date Unknown"
50,"90",2017-07-11,"Surface",85,0.085,2,0.002,0.02,0.002,29.01176471,NA,NA,2017-10-23,NA
51,"103",2017-10-17,"Surface",108,0.108,1,0.007,0.274,0.094,292.2944444,190.1983586,-107.3574836,2017-10-23,NA
51,"4440",2014-08-25,"Surface",160,0.16,NA,0.003,0.065,0.023,45.8875,NA,NA,2014-04-16,"Run Date Unknown"
51,"5340",2021-07-15,"Surface",59,0.059,1,0.009,0.063,0.028,106.840677966102,NA,NA,2021-10-21,NA
52,"1",2021-05-13,"Surface",166,0.166,1,0.016,0.067,0.034,35.844578313253,NA,NA,2021-10-21,NA
52,"103",2017-10-17,"Surface",88,0.088,2,0,0.065,0.02,88.10227273,NA,NA,2017-10-23,NA
52,"88",2014-08-25,"Surface",200,0.2,NA,0.033,0.179,0.09,83.594,NA,NA,2014-04-16,"Run Date Unknown"
53,"105",2014-08-11,"Surface",180,0.18,NA,0.029,0.116,0.052,58.85666667,NA,NA,2014-04-16,"Run Date Unknown"
53,"120",2017-10-17,"Surface",100,0.1,1,0.004,0.04,0.016,42.408,44.11380392,7.733651465,2017-10-23,NA
53,"25",2021-05-13,"Surface",68,0.068,1,0.01,0.071,0.032,104.261764705882,106.1528824,3.563007627,2021-10-21,NA
54,"120",2017-10-17,"Surface",102,0.102,2,-0.007,0.033,0.007,45.81960784,NA,NA,2017-10-23,NA
54,"25",2021-05-13,"Surface",50,0.05,2,0.01,0.057,0.028,108.044,NA,NA,2021-10-21,NA
54,"45",2014-08-13,"Surface",200,0.2,NA,0.029,0.193,0.088,95.348,NA,NA,2014-04-16,"Run Date Unknown"
55,"50",2021-05-13,"Surface",50,0.05,1,0.004,0.049,0.019,106.02,98.1775,-15.97616562,2021-10-21,NA
55,"67",2017-10-17,"Surface",38,0.038,1,-0.001,0.088,0.027,278.4263158,207.1881579,-68.76663089,2017-10-23,NA
55,"97",2014-08-12,"Surface",200,0.2,NA,0.004,0.007,0.005,1.767,NA,NA,2014-04-16,"Run Date Unknown"
56,"13",2014-08-19,"Surface",140,0.14,NA,0.031,0.298,0.175,202.0328571,NA,NA,2014-04-16,"Run Date Unknown"
56,"50",2021-05-13,"Surface",40,0.04,2,0.003,0.034,0.014,90.335,NA,NA,2021-10-21,NA
56,"67",2017-10-17,"Surface",40,0.04,2,0.001,0.047,0.016,135.95,NA,NA,2017-10-23,NA
57,"108",2014-08-11,"Surface",200,0.2,NA,0.008,0.054,0.034,24.022,NA,NA,2014-04-16,"Run Date Unknown"
57,"25",2017-07-12,"Surface",60,0.06,1,-0.01,0.062,0.012,143.28,141.9566667,-1.864418719,2017-10-23,NA
57,"60",2021-05-13,"Surface",184,0.184,1,0.016,0.026,0.02,6.19347826086956,NA,NA,2021-10-21,NA
58,"10",2014-08-21,"Surface",250,0.25,NA,0.031,0.159,0.061,63.232,NA,NA,2014-04-16,"Run Date Unknown"
58,"109",2021-05-13,"Surface",190,0.19,1,0.01,0.026,0.015,10.0210526315789,NA,NA,2021-10-21,NA
58,"25",2017-07-12,"Surface",60,0.06,2,-0.01,0.06,0.01,140.6333333,NA,NA,2017-10-23,NA
59,"1",2021-10-13,"Surface",72,0.072,1,0.006,0.085,0.032,129.519444444444,NA,NA,2021-10-21,NA
59,"106",2014-08-11,"Surface",200,0.2,NA,0.004,0.116,0.043,65.488,NA,NA,2014-04-16,"Run Date Unknown"
59,"65",2017-07-12,"Surface",46,0.046,1,-0.001,0.031,0.007,85.28695652,100.2201449,29.80077192,2017-10-23,NA
60,"25",2021-10-13,"Surface",17,0.017,1,0.003,0.079,0.029,524.376470588235,NA,NA,2021-10-21,NA
60,"56",2014-08-13,"Surface",200,0.2,NA,0.006,0.094,0.074,40.696,NA,NA,2014-04-16,"Run Date Unknown"
60,"65",2017-07-12,"Surface",30,0.03,2,-0.001,0.028,0.008,115.1533333,NA,NA,2017-10-23,NA
61,"110",2014-08-11,"Surface",200,0.2,NA,0.024,0.157,0.065,79.297,NA,NA,2014-04-16,"Run Date Unknown"
61,"50",2021-10-13,"Surface",17,0.017,1,0.016,0.037,0.024,142.129411764706,NA,NA,2021-10-21,NA
61,"67",2017-07-11,"Surface",85,0.085,1,-0.001,0.04,0.011,57.95058824,50.10235294,-31.32880926,2017-10-23,NA
62,"118",2014-08-12,"Surface",200,0.2,NA,0.026,0.166,0.081,80.06,NA,NA,2014-04-16,"Run Date Unknown"
62,"65",2021-10-13,"Surface",11,0.011,1,0.002,0.021,0.008,205.218181818182,NA,NA,2021-10-21,NA
62,"67",2017-07-11,"Surface",85,0.085,2,0.001,0.031,0.01,42.25411765,NA,NA,2017-10-23,NA
63,"103",2017-07-12,"Surface",60,0.06,1,0.003,0.034,0.013,61.18333333,61.845,2.139757997,2017-10-23,NA
63,"67",2021-10-13,"Surface",12,0.012,1,0.005,0.023,0.011,176.7,NA,NA,2021-10-21,NA
63,"94",2014-08-12,"Surface",200,0.2,NA,0.039,0.263,0.204,105.92,NA,NA,2014-04-16,"Run Date Unknown"
64,"1",2014-08-21,"Surface",200,0.2,NA,0.003,0.07,0.028,38.695,NA,NA,2014-04-16,"Run Date Unknown"
64,"103",2017-07-12,"Surface",60,0.06,2,0,0.032,0.011,62.50666667,NA,NA,2017-10-23,NA
64,"90",2021-10-13,"Surface",99,0.099,1,0.004,0.048,0.021,50.9979797979798,NA,NA,2021-10-21,NA
65,"125S",2021-10-13,"Surface",15,0.015,1,0.003,0.053,0.02,391.386666666667,NA,NA,2021-10-21,NA
65,"87",2014-08-21,"Surface",200,0.2,NA,0.036,0.208,0.092,101.692,NA,NA,2014-04-16,"Run Date Unknown"
66,"5340",2021-10-13,"Surface",34,0.034,1,0.008,0.096,0.038,303.764705882353,NA,NA,2021-10-21,NA
66,"75",2014-08-19,"Surface",200,0.2,NA,0.007,0.084,0.037,44.105,NA,NA,2014-04-16,"Run Date Unknown"
67,"79E",2014-08-19,"Surface",160,0.16,NA,0.005,0.154,0.048,112.10125,NA,NA,2014-04-16,"Run Date Unknown"
68,"100",2014-08-12,"Surface",200,0.2,NA,0.028,0.117,0.051,54.341,NA,NA,2014-04-16,"Run Date Unknown"
69,"125S",2014-08-11,"Surface",190,0.19,NA,0.001,0.062,0.025,36.70842105,NA,NA,2014-04-16,"Run Date Unknown"
91,"65",2021-05-14,"Surface",42,0.042,1,0.01,0.041,0.022,84.6619047619048,70.82095238,-39.08716818,2021-10-21,NA
92,"65",2021-05-14,"Surface",40,0.04,2,0.004,0.024,0.012,56.98,NA,NA,2021-10-21,NA
93,"67",2021-05-14,"Surface",40,0.04,1,0.001,0.037,0.014,104.58,95.15590909,-19.80768404,2021-10-21,NA
94,"67",2021-05-14,"Surface",44,0.044,2,0.003,0.036,0.016,85.7318181818182,NA,NA,2021-10-21,NA
95,"88",2021-05-14,"Surface",182,0.182,1,0.008,0.027,0.016,11.7703296703297,NA,NA,2021-10-21,NA
96,"90",2021-05-14,"Surface",80,0.08,1,0.003,0.031,0.013,40.75,41.11,1.751398686,2021-10-21,NA
97,"90",2021-05-14,"Surface",80,0.08,2,0.002,0.03,0.011,41.47,NA,NA,2021-10-21,NA
98,"5340",2021-05-14,"Surface",80,0.08,1,0.008,0.052,0.024,63.83,75.18907407,30.21469333,2021-10-21,NA
99,"5340",2021-05-14,"Surface",81,0.081,2,0.003,0.063,0.024,86.5481481481481,NA,NA,2021-10-21,NA
